"1.413","248133"
"1.447.1","248132"
"1.466","248131"
"1.480.1","248130"
"1.498","248129"
"1.500","248128"
"1.509.1","248127"
"1.517","248126"
"1.520","248125"
"1.526","248124"
"1.532.1","248123"
"1.545","248122"
"1.552","248121"
"1.553","248119"
"1.554.3","248118"
"1.558","248116"
"1.563","248115"
"1.565","248114"
"1.565.2","248113"
"1.570","248112"
"1.571","248111"
"1.574","248110"
"1.575","248109"
"1.579","248108"
"1.580.2","248107"
"1.580.3","248106"
"1.582","248105"
"1.583","248104"
"1.585","248101"
"1.588","248100"
"1.589","248099"
"1.590","248098"
"1.594","248097"
"1.595","248096"
"1.596","248094"
"1.596.2","248093"
"1.596.3","248092"
"1.598","248090"
"1.599","248087"
"1.600","248086"
"1.602","248085"
"1.605","248084"
"1.606","248083"
"1.607","248082"
"1.609","248081"
"1.609.1","248077"
"1.609.2","248075"
"1.609.3","248073"
"1.610","248067"
"1.611","248065"
"1.613","248061"
"1.614","248059"
"1.617","248058"
"1.618","248056"
"1.619","248055"
"1.622","248054"
"1.625","248053"
"1.625.3","248052"
"1.627","248049"
"1.628","248048"
"1.631","248046"
"1.632","248045"
"1.634","248043"
"1.636","248040"
"1.639","248039"
"1.642","248037"
"1.642.1","248036"
"1.642.4","248031"
"1.643","248026"
"1.644","248022"
"1.651.1","248019"
"1.651.2","248011"
"1.651.3","248007"
"1.653","247986"
"1.654","247985"
"1.655","247984"
"1.656","247982"
"1.658","247981"
"2.0","247972"
"2.0-rc-1","247969"
"2.10","247968"
"2.100","247959"
"2.101","247957"
"2.102","247944"
"2.103","247940"
"2.104","247937"
"2.105","247936"
"2.106","247934"
"2.107","247933"
"2.107.1","247925"
"2.107.2","247878"
"2.107.3","247831"
"2.108","247763"
"2.109","247757"
"2.11","247745"
"2.110","247739"
"2.111","247733"
"2.112","247726"
"2.113","247716"
"2.114","247711"
"2.115","247704"
"2.116","247701"
"2.117","247696"
"2.118","247687"
"2.119","247683"
"2.12","247677"
"2.120","247671"
"2.121","247665"
"2.121.1","247657"
"2.121.2","247569"
"2.121.3","247485"
"2.122","247399"
"2.124","247391"
"2.125","247378"
"2.126","247372"
"2.127","247360"
"2.128","247352"
"2.129","247342"
"2.13","247315"
"2.130","247311"
"2.131","247303"
"2.132","247282"
"2.133","247276"
"2.134","247272"
"2.135","247258"
"2.136","247242"
"2.137","247227"
"2.138","247223"
"2.138.1","247198"
"2.138.2","247107"
"2.138.3","246991"
"2.138.4","246879"
"2.14","246793"
"2.140","246787"
"2.141","246746"
"2.142","246702"
"2.143","246694"
"2.144","246677"
"2.145","246672"
"2.146","246662"
"2.147","246655"
"2.148","246644"
"2.149","246630"
"2.15","246619"
"2.150","246614"
"2.150.1","246596"
"2.150.2","246401"
"2.150.3","246247"
"2.151","246013"
"2.152","245979"
"2.153","245966"
"2.154","245927"
"2.155","245906"
"2.156","245888"
"2.157","245844"
"2.158","245830"
"2.159","245825"
"2.16","245820"
"2.160","245819"
"2.161","245807"
"2.162","245782"
"2.163","245752"
"2.164","245736"
"2.164.1","245701"
"2.164.2","245488"
"2.164.3","245280"
"2.165","244955"
"2.166","244917"
"2.167","244900"
"2.168","244886"
"2.169","244841"
"2.17","244823"
"2.170","244821"
"2.171","244793"
"2.172","244784"
"2.173","244768"
"2.174","244747"
"2.175","244729"
"2.176","244709"
"2.176.1","244670"
"2.176.2","244335"
"2.176.3","243941"
"2.176.4","243743"
"2.177","243690"
"2.178","243648"
"2.179","243630"
"2.18","243583"
"2.180","243579"
"2.181","243544"
"2.182","243512"
"2.183","243479"
"2.184","243461"
"2.185","243438"
"2.186","243425"
"2.187","243418"
"2.189","243353"
"2.19","243320"
"2.19.1","242405"
"2.19.2","242364"
"2.19.3","242340"
"2.19.4","242287"
"2.190","243312"
"2.190.1","243291"
"2.190.2","242963"
"2.190.3","242736"
"2.191","242383"
"2.192","242356"
"2.193","242323"
"2.194","242262"
"2.195","242230"
"2.196","242206"
"2.197","242186"
"2.198","242176"
"2.199","242150"
"2.2","242081"
"2.20","242080"
"2.200","242077"
"2.201","242036"
"2.202","242016"
"2.203","241984"
"2.204","241955"
"2.204.1","241919"
"2.204.2","241614"
"2.204.3","241326"
"2.204.4","241292"
"2.204.5","241240"
"2.204.6","241054"
"2.205","241004"
"2.206","240974"
"2.207","240928"
"2.208","240891"
"2.209","240876"
"2.21","240846"
"2.210","240840"
"2.211","240810"
"2.212","240801"
"2.213","240799"
"2.214","240771"
"2.215","240743"
"2.217","240738"
"2.218","240728"
"2.219","240721"
"2.22","240678"
"2.220","240677"
"2.221","240622"
"2.222","240596"
"2.222.1","240556"
"2.222.3","240186"
"2.222.4","239780"
"2.223","239421"
"2.224","239372"
"2.225","239365"
"2.226","239339"
"2.227","239283"
"2.228","239267"
"2.229","239230"
"2.23","239186"
"2.230","239178"
"2.231","239116"
"2.232","239069"
"2.233","239055"
"2.234","239017"
"2.235","238986"
"2.235.1","238949"
"2.235.2","238529"
"2.235.3","238198"
"2.235.4","238039"
"2.235.5","237983"
"2.236","237638"
"2.237","237605"
"2.238","237579"
"2.239","237524"
"2.24","237502"
"2.240","237499"
"2.241","237453"
"2.242","237427"
"2.243","237389"
"2.244","237358"
"2.245","237321"
"2.247","237292"
"2.248","237290"
"2.249","237265"
"2.249.1","237238"
"2.249.2","236885"
"2.249.3","236422"
"2.25","235992"
"2.250","235989"
"2.251","235943"
"2.252","235906"
"2.253","235870"
"2.254","235829"
"2.255","235777"
"2.256","235712"
"2.257","235673"
"2.258","235627"
"2.259","235583"
"2.26","235558"
"2.260","235556"
"2.261","235498"
"2.262","235490"
"2.263","235454"
"2.263.1","235369"
"2.263.2","234729"
"2.263.3","234551"
"2.263.4","234280"
"2.264","233681"
"2.265","233633"
"2.266","233599"
"2.267","233577"
"2.268","233549"
"2.269","233520"
"2.27","233500"
"2.270","233493"
"2.271","233447"
"2.272","233416"
"2.273","233393"
"2.274","233372"
"2.275","233347"
"2.276","233313"
"2.277","233286"
"2.277.1","233252"
"2.277.2","232913"
"2.277.3","232708"
"2.277.4","232555"
"2.278","232124"
"2.279","232090"
"2.28","232068"
"2.280","232066"
"2.281","232037"
"2.282","232006"
"2.283","231959"
"2.284","231902"
"2.285","231866"
"2.286","231811"
"2.287","231760"
"2.288","231727"
"2.289","231664"
"2.289.1","231597"
"2.289.2","231081"
"2.289.3","230591"
"2.29","229891"
"2.290","229890"
"2.291","229844"
"2.292","229797"
"2.293","229776"
"2.294","229654"
"2.295","229650"
"2.296","229605"
"2.297","229557"
"2.298","229521"
"2.299","229490"
"2.30","229436"
"2.300","229434"
"2.301","229391"
"2.302","229339"
"2.303","229273"
"2.303.1","229219"
"2.303.2","228554"
"2.303.3","228075"
"2.304","227520"
"2.305","227475"
"2.306","227429"
"2.307","227370"
"2.308","227336"
"2.309","227275"
"2.31","227199"
"2.311","227198"
"2.312","227169"
"2.313","227136"
"2.314","227087"
"2.315","227046"
"2.316","227020"
"2.317","226969"
"2.318","226934"
"2.319","226860"
"2.319.1","226790"
"2.319.2","225838"
"2.319.3","225350"
"2.32","224620"
"2.32.1","224574"
"2.32.2","224472"
"2.32.3","224383"
"2.320","224613"
"2.321","224541"
"2.322","224441"
"2.323","224350"
"2.324","224303"
"2.325","224232"
"2.326","224180"
"2.327","224133"
"2.328","224095"
"2.329","223963"
"2.33","223949"
"2.330","223946"
"2.331","223873"
"2.332","223851"
"2.332.1","223777"
"2.332.2","222984"
"2.332.3","222101"
"2.332.4","220874"
"2.333","220662"
"2.334","220587"
"2.335","220491"
"2.336","220445"
"2.337","220376"
"2.338","220300"
"2.339","220231"
"2.34","220152"
"2.340","220146"
"2.341","220044"
"2.342","219979"
"2.343","219895"
"2.344","219831"
"2.345","219724"
"2.346","219659"
"2.346.1","219356"
"2.346.2","217637"
"2.346.3","216752"
"2.347","214171"
"2.348","214064"
"2.349","213975"
"2.35","213879"
"2.350","213868"
"2.354","213765"
"2.355","213708"
"2.356","213578"
"2.357","213274"
"2.358","213227"
"2.359","213178"
"2.36","213129"
"2.360","213125"
"2.361","213090"
"2.361.1","213038"
"2.361.2","212469"
"2.361.3","212025"
"2.361.4","211825"
"2.362","211283"
"2.363","211228"
"2.364","211186"
"2.365","211140"
"2.366","211083"
"2.367","211021"
"2.368","210990"
"2.369","210962"
"2.37","210948"
"2.370","210944"
"2.371","210893"
"2.372","210858"
"2.373","210814"
"2.374","210750"
"2.375","210698"
"2.375.1","210628"
"2.375.2","209881"
"2.375.3","209368"
"2.375.4","208762"
"2.376","208659"
"2.377","208613"
"2.378","208564"
"2.379","208511"
"2.38","208466"
"2.380","208462"
"2.381","208429"
"2.382","208382"
"2.383","208338"
"2.384","208298"
"2.385","208271"
"2.386","208222"
"2.387","208181"
"2.387.1","208138"
"2.387.2","206841"
"2.387.3","206230"
"2.388","204967"
"2.389","204907"
"2.39","204850"
"2.390","204846"
"2.391","204786"
"2.392","204740"
"2.393","204673"
"2.394","204604"
"2.395","204512"
"2.396","204401"
"2.397","204278"
"2.398","204186"
"2.399","204183"
"2.40","204114"
"2.400","204107"
"2.401","204025"
"2.401.1","203962"
"2.401.2","203128"
"2.401.3","202430"
"2.402","201449"
"2.403","201399"
"2.404","201359"
"2.405","201292"
"2.406","201190"
"2.407","201130"
"2.409","201080"
"2.41","201010"
"2.410","200992"
"2.411","200898"
"2.412","200842"
"2.413","200786"
"2.414","200723"
"2.414.1","200612"
"2.414.2","199819"
"2.414.3","199021"
"2.415","197702"
"2.416","197605"
"2.417","197533"
"2.418","197466"
"2.419","197398"
"2.42","197279"
"2.420","197275"
"2.421","197210"
"2.422","197150"
"2.423","197092"
"2.424","197001"
"2.425","196904"
"2.426","196842"
"2.426.1","196722"
"2.426.2","195562"
"2.426.3","194203"
"2.427","190186"
"2.428","190094"
"2.429","190019"
"2.43","189934"
"2.430","189933"
"2.431","189838"
"2.432","189734"
"2.433","189661"
"2.434","189557"
"2.435","189452"
"2.436","189384"
"2.437","189303"
"2.438","189250"
"2.439","189180"
"2.44","189081"
"2.440","189077"
"2.440.1","188985"
"2.440.2","187393"
"2.440.3","185999"
"2.441","183757"
"2.442","183637"
"2.443","183308"
"2.444","183066"
"2.445","182890"
"2.446","182781"
"2.447","182604"
"2.448","182462"
"2.449","182329"
"2.45","182169"
"2.450","182164"
"2.451","182025"
"2.452","181906"
"2.452.1","181726"
"2.452.2","180098"
"2.452.3","178282"
"2.452.4","176578"
"2.453","176248"
"2.454","176117"
"2.455","175908"
"2.456","175758"
"2.457","175635"
"2.458","175471"
"2.459","175318"
"2.46","175160"
"2.46.1","174990"
"2.46.2","174829"
"2.46.3","165141"
"2.460","175158"
"2.461","174958"
"2.462","174783"
"2.462.1","174466"
"2.462.2","171839"
"2.462.3","169667"
"2.463","165094"
"2.464","164935"
"2.466","164803"
"2.467","164682"
"2.468","164591"
"2.469","164481"
"2.47","164347"
"2.470","164344"
"2.471","164206"
"2.472","163969"
"2.473","163798"
"2.474","163633"
"2.475","163411"
"2.476","163287"
"2.477","163156"
"2.478","163033"
"2.479","162891"
"2.479.1","162693"
"2.479.2","159993"
"2.479.3","156968"
"2.480","153639"
"2.481","153383"
"2.482","153221"
"2.483","153050"
"2.484","152926"
"2.485","152705"
"2.486","152487"
"2.487","152249"
"2.488","152020"
"2.489","151822"
"2.49","151610"
"2.490","151605"
"2.491","151529"
"2.492","151119"
"2.492.1","150892"
"2.492.2","147462"
"2.492.3","144288"
"2.493","139999"
"2.494","139813"
"2.495","139644"
"2.496","139504"
"2.497","139270"
"2.498","139086"
"2.499","138871"
"2.50","138581"
"2.500","138572"
"2.501","138301"
"2.502","138047"
"2.503","137778"
"2.504","137217"
"2.504.1","136961"
"2.504.2","133197"
"2.504.3","129474"
"2.505","124990"
"2.506","124715"
"2.507","124465"
"2.508","124099"
"2.509","123956"
"2.51","123709"
"2.510","123706"
"2.511","123461"
"2.512","123161"
"2.513","122890"
"2.514","122665"
"2.515","122406"
"2.516","122166"
"2.516.1","121919"
"2.516.2","117059"
"2.516.3","112650"
"2.517","106458"
"2.518","106202"
"2.519","105924"
"2.52","105671"
"2.520","105666"
"2.521","105449"
"2.522","105166"
"2.523","104873"
"2.524","104651"
"2.525","104384"
"2.526","104110"
"2.527","103832"
"2.528","103490"
"2.528.1","103086"
"2.528.2","96314"
"2.528.3","88989"
"2.529","67839"
"2.53","67322"
"2.530","67306"
"2.531","67084"
"2.532","66695"
"2.533","66340"
"2.534","65987"
"2.535","65550"
"2.536","65072"
"2.537","64690"
"2.538","64626"
"2.539","64237"
"2.54","63800"
"2.540","63798"
"2.541","63238"
"2.541.1","62407"
"2.541.2","30526"
"2.542","12614"
"2.543","11373"
"2.544","10987"
"2.545","10304"
"2.546","9651"
"2.547","8983"
"2.548","8282"
"2.549","7112"
"2.55","5891"
"2.550","5885"
"2.551","4250"
"2.552","2583"
"2.57","738"
"2.59","737"
"2.6","736"
"2.60","735"
"2.60.1","734"
"2.60.2","703"
"2.60.3","678"
"2.61","622"
"2.62","619"
"2.63","614"
"2.64","610"
"2.65","604"
"2.66","597"
"2.67","593"
"2.68","589"
"2.69","583"
"2.7.1","573"
"2.7.2","563"
"2.7.3","540"
"2.7.4","403"
"2.70","578"
"2.71","567"
"2.72","542"
"2.73","530"
"2.73.1","522"
"2.73.2","504"
"2.73.3","475"
"2.74","364"
"2.75","356"
"2.76","351"
"2.77","343"
"2.78","334"
"2.79","329"
"2.8","324"
"2.80","323"
"2.81","322"
"2.82","320"
"2.83","313"
"2.84","309"
"2.85","301"
"2.86","293"
"2.87","279"
"2.88","273"
"2.89","271"
"2.89.1","261"
"2.89.2","253"
"2.89.3","207"
"2.89.4","166"
"2.9","72"
"2.90","56"
"2.91","47"
"2.92","40"
"2.93","36"
"2.94","29"
"2.95","27"
"2.96","19"
"2.97","18"
"2.98","12"
"2.99","9"
