"1.447","1"
"1.447.1","1"
"1.466","1"
"1.480.1","1"
"1.480.3","1"
"1.491","1"
"1.509.1","1"
"1.512","2"
"1.517","1"
"1.520","1"
"1.526","1"
"1.527","1"
"1.529","1"
"1.532","2"
"1.545","1"
"1.547","1"
"1.553","2"
"1.554.3","3"
"1.558","1"
"1.560","1"
"1.561","1"
"1.563","1"
"1.565.1","1"
"1.566","1"
"1.569","1"
"1.571","2"
"1.574","2"
"1.579","1"
"1.580.1","1"
"1.580.2","1"
"1.581","1"
"1.582","1"
"1.583","3"
"1.585","2"
"1.589","2"
"1.590","1"
"1.594","1"
"1.595","2"
"1.596.2","1"
"1.596.3","3"
"1.598","2"
"1.600","1"
"1.601","2"
"1.606","3"
"1.607","1"
"1.608","1"
"1.609","6"
"1.609.1","2"
"1.609.2","1"
"1.609.3","4"
"1.610","1"
"1.611","4"
"1.613","2"
"1.614","1"
"1.616","1"
"1.618","1"
"1.620","2"
"1.621","1"
"1.625","1"
"1.625.2","1"
"1.625.3","4"
"1.627","1"
"1.628","1"
"1.630","1"
"1.631","1"
"1.632","1"
"1.634","4"
"1.636","1"
"1.639","3"
"1.640","1"
"1.642","1"
"1.642.1","4"
"1.642.4","5"
"1.643","4"
"1.644","2"
"1.651.1","5"
"1.651.2","4"
"1.651.3","18"
"1.653","4"
"1.654","3"
"1.655","1"
"1.656","1"
"1.658","7"
"2.0","1"
"2.0-rc-1","1"
"2.1","1"
"2.10","9"
"2.100","4"
"2.101","15"
"2.102","5"
"2.103","5"
"2.104","1"
"2.105","6"
"2.106","2"
"2.107","10"
"2.107.1","44"
"2.107.2","57"
"2.107.3","81"
"2.108","7"
"2.109","12"
"2.11","6"
"2.110","10"
"2.111","7"
"2.112","11"
"2.113","10"
"2.114","13"
"2.115","3"
"2.116","5"
"2.117","10"
"2.118","4"
"2.119","4"
"2.12","5"
"2.120","5"
"2.121","10"
"2.121.1","106"
"2.121.2","101"
"2.121.3","97"
"2.122","10"
"2.124","19"
"2.125","8"
"2.126","8"
"2.127","8"
"2.128","10"
"2.129","31"
"2.13","4"
"2.130","9"
"2.131","26"
"2.132","6"
"2.133","6"
"2.134","16"
"2.135","15"
"2.136","13"
"2.137","4"
"2.138","30"
"2.138.1","101"
"2.138.2","124"
"2.138.3","126"
"2.138.4","111"
"2.14","6"
"2.140","50"
"2.141","45"
"2.142","8"
"2.143","19"
"2.144","5"
"2.145","13"
"2.146","8"
"2.147","19"
"2.148","14"
"2.149","11"
"2.15","5"
"2.150","25"
"2.150.1","212"
"2.150.2","169"
"2.150.3","279"
"2.151","36"
"2.152","12"
"2.153","43"
"2.154","16"
"2.155","22"
"2.156","56"
"2.157","19"
"2.158","4"
"2.159","6"
"2.16","1"
"2.160","20"
"2.161","24"
"2.162","23"
"2.163","20"
"2.164","42"
"2.164.1","252"
"2.164.2","238"
"2.164.3","348"
"2.165","46"
"2.166","18"
"2.167","15"
"2.168","57"
"2.169","23"
"2.17","1"
"2.170","35"
"2.171","14"
"2.172","24"
"2.173","25"
"2.174","25"
"2.175","26"
"2.176","42"
"2.176.1","384"
"2.176.2","429"
"2.176.3","242"
"2.176.4","65"
"2.177","46"
"2.178","29"
"2.179","59"
"2.18","5"
"2.180","40"
"2.181","33"
"2.182","37"
"2.183","24"
"2.184","30"
"2.185","10"
"2.186","7"
"2.187","55"
"2.189","33"
"2.19","7"
"2.19.1","23"
"2.19.2","12"
"2.19.3","17"
"2.19.4","29"
"2.190","24"
"2.190.1","386"
"2.190.2","276"
"2.190.3","368"
"2.191","25"
"2.192","16"
"2.193","44"
"2.194","41"
"2.195","23"
"2.196","23"
"2.197","14"
"2.198","33"
"2.199","80"
"2.2","1"
"2.20","5"
"2.200","55"
"2.201","27"
"2.202","28"
"2.203","38"
"2.204","40"
"2.204.1","353"
"2.204.2","338"
"2.204.3","40"
"2.204.4","60"
"2.204.5","195"
"2.204.6","60"
"2.205","39"
"2.206","50"
"2.207","37"
"2.208","18"
"2.209","32"
"2.21","5"
"2.210","39"
"2.211","9"
"2.212","3"
"2.213","37"
"2.214","34"
"2.215","7"
"2.217","11"
"2.218","6"
"2.219","48"
"2.22","3"
"2.220","66"
"2.221","31"
"2.222","47"
"2.222.1","430"
"2.222.3","444"
"2.222.4","416"
"2.223","54"
"2.224","12"
"2.225","31"
"2.226","58"
"2.227","16"
"2.228","32"
"2.229","47"
"2.23","6"
"2.230","66"
"2.231","57"
"2.232","18"
"2.233","54"
"2.234","30"
"2.235","52"
"2.235.1","480"
"2.235.2","371"
"2.235.3","177"
"2.235.4","66"
"2.235.5","415"
"2.236","32"
"2.237","33"
"2.238","66"
"2.239","24"
"2.24","2"
"2.240","53"
"2.241","30"
"2.242","40"
"2.243","33"
"2.244","45"
"2.245","38"
"2.247","2"
"2.248","22"
"2.249","29"
"2.249.1","418"
"2.249.2","508"
"2.249.3","529"
"2.25","5"
"2.250","56"
"2.251","38"
"2.252","42"
"2.253","54"
"2.254","51"
"2.255","79"
"2.256","46"
"2.257","67"
"2.258","45"
"2.259","38"
"2.26","2"
"2.260","74"
"2.261","12"
"2.262","34"
"2.263","98"
"2.263.1","710"
"2.263.2","197"
"2.263.3","312"
"2.263.4","687"
"2.264","59"
"2.265","33"
"2.266","29"
"2.267","38"
"2.268","36"
"2.269","23"
"2.27","5"
"2.270","52"
"2.271","39"
"2.272","30"
"2.273","26"
"2.274","34"
"2.275","44"
"2.276","35"
"2.277","41"
"2.277.1","387"
"2.277.2","228"
"2.277.3","189"
"2.277.4","497"
"2.278","34"
"2.279","31"
"2.28","2"
"2.280","33"
"2.281","39"
"2.282","51"
"2.283","59"
"2.284","43"
"2.285","68"
"2.286","54"
"2.287","34"
"2.288","77"
"2.289","79"
"2.289.1","594"
"2.289.2","581"
"2.289.3","826"
"2.29","1"
"2.290","63"
"2.291","57"
"2.292","22"
"2.293","135"
"2.294","3"
"2.295","50"
"2.296","64"
"2.297","46"
"2.298","35"
"2.299","67"
"2.3","1"
"2.30","2"
"2.300","49"
"2.301","59"
"2.302","80"
"2.303","68"
"2.303.1","749"
"2.303.2","552"
"2.303.3","697"
"2.304","53"
"2.305","60"
"2.306","60"
"2.307","42"
"2.308","77"
"2.309","83"
"2.31","2"
"2.311","40"
"2.312","40"
"2.313","60"
"2.314","42"
"2.315","36"
"2.316","54"
"2.317","47"
"2.318","68"
"2.319","83"
"2.319.1","1095"
"2.319.2","586"
"2.319.3","859"
"2.32","8"
"2.32.1","34"
"2.32.2","30"
"2.32.3","38"
"2.320","41"
"2.321","78"
"2.322","79"
"2.323","57"
"2.324","92"
"2.325","71"
"2.326","61"
"2.327","55"
"2.328","156"
"2.329","17"
"2.33","4"
"2.330","88"
"2.331","24"
"2.332","83"
"2.332.1","919"
"2.332.2","979"
"2.332.3","1447"
"2.332.4","243"
"2.333","86"
"2.334","110"
"2.335","48"
"2.336","95"
"2.337","88"
"2.338","92"
"2.339","91"
"2.34","11"
"2.340","130"
"2.341","79"
"2.342","102"
"2.343","75"
"2.344","116"
"2.345","79"
"2.346","393"
"2.346.1","2082"
"2.346.2","985"
"2.346.3","3031"
"2.347","122"
"2.348","113"
"2.349","106"
"2.35","12"
"2.350","128"
"2.354","86"
"2.355","147"
"2.356","339"
"2.357","50"
"2.358","42"
"2.359","55"
"2.36","8"
"2.360","49"
"2.361","64"
"2.361.1","715"
"2.361.2","544"
"2.361.3","251"
"2.361.4","673"
"2.362","60"
"2.363","49"
"2.364","60"
"2.365","63"
"2.366","71"
"2.367","46"
"2.368","29"
"2.369","14"
"2.37","3"
"2.370","65"
"2.371","42"
"2.372","53"
"2.373","71"
"2.374","65"
"2.375","87"
"2.375.1","906"
"2.375.2","623"
"2.375.3","756"
"2.375.4","140"
"2.376","62"
"2.377","61"
"2.378","64"
"2.379","52"
"2.38","4"
"2.380","34"
"2.381","61"
"2.382","46"
"2.383","51"
"2.384","34"
"2.385","69"
"2.386","55"
"2.387","53"
"2.387.1","1588"
"2.387.2","794"
"2.387.3","1496"
"2.388","63"
"2.389","59"
"2.39","11"
"2.390","76"
"2.391","61"
"2.392","80"
"2.393","80"
"2.394","111"
"2.395","122"
"2.396","150"
"2.397","113"
"2.398","4"
"2.399","89"
"2.40","10"
"2.400","90"
"2.401","86"
"2.401.1","966"
"2.401.2","854"
"2.401.3","1179"
"2.402","66"
"2.403","52"
"2.404","81"
"2.405","120"
"2.406","74"
"2.407","63"
"2.409","82"
"2.41","22"
"2.410","107"
"2.411","68"
"2.412","75"
"2.413","80"
"2.414","124"
"2.414.1","952"
"2.414.2","1006"
"2.414.3","1571"
"2.415","128"
"2.416","97"
"2.417","83"
"2.418","86"
"2.419","160"
"2.42","2"
"2.420","81"
"2.421","82"
"2.422","81"
"2.423","114"
"2.424","112"
"2.425","74"
"2.426","151"
"2.426.1","1462"
"2.426.2","1694"
"2.426.3","4657"
"2.427","121"
"2.428","104"
"2.429","104"
"2.430","127"
"2.431","133"
"2.432","92"
"2.433","105"
"2.434","136"
"2.435","86"
"2.436","100"
"2.437","73"
"2.438","77"
"2.439","124"
"2.44","5"
"2.440","114"
"2.440.1","2053"
"2.440.2","1859"
"2.440.3","2873"
"2.441","149"
"2.442","467"
"2.443","306"
"2.444","230"
"2.445","154"
"2.446","197"
"2.447","168"
"2.448","182"
"2.449","219"
"2.45","5"
"2.450","174"
"2.451","145"
"2.452","260"
"2.452.1","2181"
"2.452.2","2512"
"2.452.3","2401"
"2.452.4","491"
"2.453","167"
"2.454","261"
"2.455","196"
"2.456","162"
"2.457","212"
"2.458","204"
"2.459","209"
"2.46","1"
"2.46.1","39"
"2.46.2","46"
"2.46.3","61"
"2.460","251"
"2.461","186"
"2.462","429"
"2.462.1","3887"
"2.462.2","2992"
"2.462.3","6402"
"2.463","206"
"2.464","167"
"2.466","170"
"2.467","127"
"2.468","161"
"2.469","164"
"2.47","4"
"2.470","191"
"2.471","304"
"2.472","229"
"2.473","240"
"2.474","301"
"2.475","161"
"2.476","173"
"2.477","169"
"2.478","196"
"2.479","310"
"2.479.1","3217"
"2.479.2","4075"
"2.479.3","3588"
"2.48","1"
"2.480","324"
"2.481","217"
"2.482","211"
"2.483","165"
"2.484","258"
"2.485","250"
"2.486","289"
"2.487","265"
"2.488","285"
"2.489","257"
"2.49","7"
"2.490","98"
"2.491","521"
"2.492","285"
"2.492.1","4659"
"2.492.2","4315"
"2.492.3","7248"
"2.493","236"
"2.494","197"
"2.495","154"
"2.496","298"
"2.497","242"
"2.498","281"
"2.499","366"
"2.5","1"
"2.50","9"
"2.500","317"
"2.501","325"
"2.502","340"
"2.503","646"
"2.504","395"
"2.504.1","5720"
"2.504.2","5862"
"2.504.3","6906"
"2.505","400"
"2.506","349"
"2.507","544"
"2.508","216"
"2.509","361"
"2.51","3"
"2.510","363"
"2.511","424"
"2.512","372"
"2.513","319"
"2.514","415"
"2.515","333"
"2.516","430"
"2.516.1","9374"
"2.516.2","10707"
"2.516.3","31821"
"2.517","433"
"2.518","459"
"2.519","403"
"2.52","4"
"2.520","377"
"2.521","497"
"2.522","535"
"2.523","445"
"2.524","657"
"2.525","569"
"2.526","579"
"2.527","873"
"2.528","1164"
"2.528.1","20155"
"2.529","1446"
"2.53","16"
"2.530","1696"
"2.531","2334"
"2.532","2157"
"2.533","2841"
"2.534","176"
"2.54","3"
"2.55","5"
"2.56","1"
"2.57","1"
"2.59","3"
"2.6","1"
"2.60","1"
"2.60.1","30"
"2.60.2","29"
"2.60.3","66"
"2.61","4"
"2.62","4"
"2.63","2"
"2.64","10"
"2.65","6"
"2.66","7"
"2.67","5"
"2.68","9"
"2.69","7"
"2.7.1","6"
"2.7.2","28"
"2.7.3","13"
"2.7.4","47"
"2.70","7"
"2.71","7"
"2.72","3"
"2.73","10"
"2.73.1","24"
"2.73.2","34"
"2.73.3","92"
"2.74","8"
"2.75","4"
"2.76","6"
"2.77","12"
"2.78","4"
"2.79","6"
"2.81","2"
"2.82","8"
"2.83","4"
"2.84","10"
"2.85","5"
"2.86","15"
"2.87","5"
"2.88","4"
"2.89","10"
"2.89.1","9"
"2.89.2","58"
"2.89.3","51"
"2.89.4","92"
"2.9","26"
"2.90","14"
"2.91","12"
"2.92","3"
"2.93","7"
"2.95","11"
"2.97","8"
"2.98","5"
"2.99","11"
