"42crunch-security-audit","76"
"AdaptivePlugin","28"
"AnchorChain","474"
"AntepediaReporter-CI-plugin","3"
"ApicaLoadtest","11"
"BlameSubversion","206"
"BlazeMeterJenkinsPlugin","218"
"CFLint","4"
"ColumnPack-plugin","3"
"ColumnsPlugin","43"
"CustomHistory","93"
"DotCi","68"
"DotCi-DockerPublish","36"
"DotCi-Fig-template","1"
"DotCi-InstallPackages","9"
"Exclusion","591"
"GatekeeperPlugin","4"
"HiddenParameter","9"
"JDK_Parameter_Plugin","4144"
"JiraTestResultReporter","999"
"Matrix-sorter-plugin","209"
"NegotiateSSO","255"
"Office-365-Connector","16308"
"Parameterized-Remote-Trigger","12595"
"PrioritySorter","4041"
"SBuild","6"
"SCTMExecutor","18"
"SSSCM","60"
"StashBranchParameter","269"
"Surround-SCM-plugin","52"
"TestComplete","1250"
"TestFairy","55"
"TestResultsAnalyzer","1"
"TwilioNotifier","45"
"URLSCM","350"
"abap-ci","24"
"absint-a3","7"
"absint-astree","19"
"accelerated-build-now-plugin","246"
"accelq-ci-connect","37"
"accurev","106"
"ace-editor","70564"
"active-directory","26877"
"acunetix","152"
"acunetix-360-scan","91"
"adaptive-disconnector","28"
"add-changes-to-build-changelog","132"
"additional-identities-plugin","164"
"additional-metrics","576"
"admin-params","15"
"adobe-cloud-manager","55"
"adoptopenjdk","3344"
"advanced-installer-msi-builder","166"
"agent-loadbalance","58"
"agent-maintenance","118"
"agent-server-parameter","122"
"aio-tests","161"
"akeyless","14"
"alauda-devops-credentials-provider","22"
"alauda-devops-pipeline","9"
"alauda-kubernetes-support","42"
"alauda-pipeline","13"
"alibabacloud-credentials","152"
"alibabacloud-ecs","85"
"alibabacloud-edas","13"
"alibabacloud-pkg-deployment","19"
"aliyun-oss-uploader","670"
"all-changes","1088"
"allure-jenkins-plugin","15040"
"amazon-ecr","6910"
"amazon-ecs","3263"
"amazon-inspector-image-scanner","111"
"amqp-build-trigger","4"
"analysis-collector","1000"
"analysis-core","5262"
"analysis-model-api","19408"
"anchore-container-scanner","806"
"android-apk-size-watcher","65"
"android-emulator","1356"
"android-lint","454"
"android-signing","616"
"anka-build","45"
"ansible","16443"
"ansible-tower","2356"
"ansicolor","44544"
"ant","188670"
"ant-in-workspace","607"
"antexec","585"
"antisamy-markup-formatter","223915"
"any-buildstep","1343"
"anything-goes-formatter","932"
"apache-httpcomponents-client-4-api","229674"
"apache-httpcomponents-client-5-api","77592"
"apifortress","10"
"apimap","2"
"app-detector","23"
"appaloosa-plugin","95"
"appcenter","630"
"appcircle-enterprise-store","5"
"appcircle-testing-distribution","5"
"appdome-build-2secure","9"
"appdome-validate-2secure","2"
"appdynamics-dashboard","208"
"appetize","31"
"appio","16"
"appknox-scanner","3"
"application-director-plugin","1"
"applitools-eyes","62"
"apprenda","2"
"appscan","334"
"appthwack","2"
"aqua-microscanner","116"
"aqua-security-scanner","612"
"aqua-serverless","24"
"arachni-scanner","26"
"archived-artifact-url-viewer","278"
"arestocats","6"
"argus-notifier","6"
"aribot","3"
"armorcode-release-gate","2"
"artifact-diff-plugin","193"
"artifact-manager-s3","2181"
"artifact-promotion","1339"
"artifact-repository-parameter","175"
"artifactdeployer","2623"
"artifactory","17021"
"artifactory-artifact-manager","360"
"artifactory-client-api","456"
"artifactz","7"
"asakusa-satellite-plugin","2"
"ascentialtest-cmd-line","3"
"asm-api","173142"
"assembla","16"
"assembla-auth","28"
"assembla-merge-request-builder","49"
"assertthat-bdd-jira","60"
"associated-files","41"
"async-http-client","2498"
"async-job","44"
"atlassian-bitbucket-server-integration","6930"
"atlassian-jira-software-cloud","3409"
"attention","17"
"audit-log","929"
"audit-trail","9780"
"audit2db","194"
"authentication-tokens","124966"
"authorize-project","18308"
"autify","2"
"autoaction-step","85"
"autocancel","94"
"autocomplete-parameter","76"
"autograding","356"
"autonomiq","2"
"avatar","223"
"aws-batch","64"
"aws-beanstalk-publisher-plugin","273"
"aws-beanstalk-releaser","39"
"aws-bucket-credentials","1206"
"aws-cloudwatch-logs-publisher","117"
"aws-codebuild","1146"
"aws-codecommit-jobs","447"
"aws-codecommit-trigger","302"
"aws-codepipeline","1020"
"aws-credentials","31288"
"aws-device-farm","666"
"aws-global-configuration","3134"
"aws-java-sdk","19048"
"aws-java-sdk-api-gateway","15879"
"aws-java-sdk-autoscaling","11991"
"aws-java-sdk-cloudformation","20678"
"aws-java-sdk-cloudfront","15893"
"aws-java-sdk-cloudwatch","9627"
"aws-java-sdk-codebuild","16833"
"aws-java-sdk-codedeploy","15879"
"aws-java-sdk-core","107"
"aws-java-sdk-ec2","31148"
"aws-java-sdk-ecr","21709"
"aws-java-sdk-ecs","17414"
"aws-java-sdk-efs","16134"
"aws-java-sdk-elasticbeanstalk","20666"
"aws-java-sdk-elasticloadbalancingv2","15893"
"aws-java-sdk-iam","20687"
"aws-java-sdk-jmespath","103"
"aws-java-sdk-kinesis","14093"
"aws-java-sdk-kms","98"
"aws-java-sdk-lambda","15888"
"aws-java-sdk-logs","16826"
"aws-java-sdk-minimal","32106"
"aws-java-sdk-organizations","15885"
"aws-java-sdk-s3","96"
"aws-java-sdk-secretsmanager","14353"
"aws-java-sdk-sns","19684"
"aws-java-sdk-sqs","19714"
"aws-java-sdk-ssm","16880"
"aws-java-sdk-sts","93"
"aws-java-sdk2-api-gateway","4"
"aws-java-sdk2-apigateway","67"
"aws-java-sdk2-autoscaling","1193"
"aws-java-sdk2-cloudformation","1201"
"aws-java-sdk2-cloudfront","92"
"aws-java-sdk2-cloudwatch","85"
"aws-java-sdk2-cloudwatchlogs","104"
"aws-java-sdk2-codebuild","73"
"aws-java-sdk2-codedeploy","82"
"aws-java-sdk2-core","20521"
"aws-java-sdk2-ec2","19667"
"aws-java-sdk2-ecr","3873"
"aws-java-sdk2-ecs","129"
"aws-java-sdk2-efs","78"
"aws-java-sdk2-elasticbeanstalk","66"
"aws-java-sdk2-elasticloadbalancingv2","82"
"aws-java-sdk2-iam","112"
"aws-java-sdk2-kinesis","50"
"aws-java-sdk2-lambda","92"
"aws-java-sdk2-logs","6"
"aws-java-sdk2-netty-nio-client","2666"
"aws-java-sdk2-organizations","61"
"aws-java-sdk2-s3","3472"
"aws-java-sdk2-secretsmanager","1234"
"aws-java-sdk2-sns","95"
"aws-java-sdk2-sqs","82"
"aws-java-sdk2-ssm","111"
"aws-java-sdk2-sso","33"
"aws-java-sdk2-sts","725"
"aws-lambda","1474"
"aws-lambda-cloud","212"
"aws-parameter-store","1324"
"aws-sam","244"
"aws-secrets-manager-credentials-provider","3034"
"aws-secrets-manager-secret-source","1081"
"aws-sqs","59"
"aws-sqs-trigger","197"
"aws-yum-parameter","56"
"awseb-deployment-plugin","789"
"azure-acs","154"
"azure-ad","5423"
"azure-app-service","428"
"azure-artifact-manager","284"
"azure-batch-parallel","61"
"azure-cli","978"
"azure-commons","2939"
"azure-container-agents","351"
"azure-container-registry-tasks","221"
"azure-cosmosdb","30"
"azure-credentials","5182"
"azure-credentials-ext","387"
"azure-dev-spaces","23"
"azure-event-grid-notifier","25"
"azure-function","197"
"azure-iot-edge","13"
"azure-keyvault","1423"
"azure-kubernetes-credentials","110"
"azure-publishersettings-credentials","88"
"azure-sdk","9442"
"azure-slave-plugin","8"
"azure-vm-agents","1222"
"azure-vmss","94"
"backlog","199"
"backup","3558"
"backup-interrupt-plugin","320"
"badge","17242"
"bart","1"
"basic-branch-build-strategies","11363"
"batch-task","627"
"bazaar","30"
"bds-plugin","66"
"beagle-security","10"
"beaker-builder","4"
"bearychat","28"
"beer","63"
"behave-testresults-publisher","103"
"benchmark","91"
"benchmark-evaluator","34"
"better-pipeline-flowgraph-table","41"
"bevigil-ci","2"
"bigpanda-jenkins","17"
"binary-deployer","3"
"bitbucket","18141"
"bitbucket-approval-filter","322"
"bitbucket-approve","601"
"bitbucket-build-status-notifier","3873"
"bitbucket-filter-project-trait","980"
"bitbucket-kubernetes-credentials","360"
"bitbucket-oauth","2295"
"bitbucket-pullrequest-builder","3185"
"bitbucket-pullrequests-filter","451"
"bitbucket-push-and-pull-request","4303"
"bitbucket-scm-filter-aged-refs","419"
"bitbucket-scm-filter-jira-validator","330"
"bitbucket-scm-trait-commit-skip","1018"
"bitbucket-webhooks","125"
"bitkeeper","14"
"bitwarden-credentials-provider","45"
"black-duck-sigma","25"
"blackduck-coverity-on-polaris","124"
"blackduck-detect","2372"
"blackduck-hub","67"
"blackduck-installer","5"
"blackduck-security-scan","230"
"blink1","12"
"blitz_io-jenkins","2"
"block-build-final-project","142"
"block-queued-job","702"
"block-same-builds","182"
"blueocean","47329"
"blueocean-analytics-tools","17"
"blueocean-autofavorite","26649"
"blueocean-bitbucket-pipeline","49413"
"blueocean-commons","58230"
"blueocean-config","49883"
"blueocean-core-js","55958"
"blueocean-dashboard","51560"
"blueocean-display-url","50093"
"blueocean-events","49112"
"blueocean-executor-info","1931"
"blueocean-git-pipeline","51735"
"blueocean-github-pipeline","50797"
"blueocean-i18n","50130"
"blueocean-jira","17407"
"blueocean-jwt","55287"
"blueocean-personalization","49936"
"blueocean-pipeline-api-impl","53831"
"blueocean-pipeline-editor","49537"
"blueocean-pipeline-scm-api","55339"
"blueocean-rest","57889"
"blueocean-rest-impl","54461"
"blueocean-web","55674"
"bmc-cfa","6"
"bmc-rpd","25"
"boot-clj","7"
"bootstrap","186"
"bootstrap4-api","43021"
"bootstrap5-api","210089"
"bootstraped-multi-test-results-report","610"
"bouncycastle-api","231608"
"brakeman","39"
"branch-api","222601"
"breachlock-dast","3"
"browser-axis-plugin","20"
"browserstack-integration","1489"
"btc-embeddedplatform","63"
"buckminster","39"
"buddycloud","1"
"bugzilla","61"
"build-alias-setter","201"
"build-blocker-plugin","9797"
"build-cause-run-condition","913"
"build-configurator","3"
"build-discarder","3101"
"build-env-propagator","348"
"build-environment","4090"
"build-executors-filter-offline","10"
"build-failure-analyzer","5325"
"build-flow-extensions-plugin","60"
"build-flow-plugin","680"
"build-flow-test-aggregator","39"
"build-flow-toolbox-plugin","50"
"build-health-cache-updater","11"
"build-history-manager","1086"
"build-history-metrics-plugin","1612"
"build-keeper-plugin","1034"
"build-line","55"
"build-metrics","1520"
"build-monitor-plugin","11345"
"build-name-setter","26944"
"build-node-column","29"
"build-notifications","1466"
"build-pipeline-plugin","13896"
"build-publisher","321"
"build-requester","2"
"build-steps-from-json","296"
"build-symlink","646"
"build-time-blame","916"
"build-timeout","189836"
"build-timestamp","12815"
"build-token-root","8657"
"build-token-trigger","1970"
"build-user-vars-plugin","32720"
"build-view-column","619"
"build-with-parameters","11485"
"buildcoin-plugin","1"
"buildcontext-capture","97"
"buildgraph-view","954"
"buildkite","13"
"buildresult-trigger","1465"
"buildrotator","185"
"buildstash","4"
"buildtriggerbadge","3128"
"built-on-column","14299"
"bulk-builder","606"
"bumblebee","27"
"byte-buddy-api","2660"
"ca-apm","31"
"ca-mat-performance-benchmarking-by-broadcom","5"
"ca-service-virtualization","92"
"cachet-gating","3"
"caffeine-api","216268"
"calendar-view","1922"
"caliper-ci","3"
"call-remote-job-plugin","331"
"campfire","2"
"capitomcat","111"
"carbonetes-serverless-container-scanning-and-policy-compliance","5"
"carl","2"
"cas-plugin","744"
"cas1","5"
"casdoor-auth","32"
"catalogic-ecx","4"
"categorized-view","3477"
"catlight","36"
"catppuccin-theme","739"
"cavisson-ns-nd-integration","3"
"cccc","168"
"ccm","329"
"cctray-xml","352"
"cdevents","3"
"cerberus-testing","9"
"change-assembly-version-plugin","832"
"changelog-history","819"
"changes-since-last-success","1028"
"chaos-butler","113"
"chaos-monkey","2"
"chartjs-api","131"
"chatter-notifier","91"
"chatwork","173"
"checkmarx","3941"
"checkmarx-ast-scanner","758"
"checks-api","213967"
"checkstyle","2051"
"chef","31"
"chef-cookbook-pipeline","28"
"chef-identity","168"
"chef-tracking","31"
"chinese-workday","4"
"chocolate-theme","1145"
"chosen","84"
"chosen-views-tabbar","64"
"chrome-frame-plugin","41"
"chromedriver","1504"
"chroot","89"
"chucknorris","1564"
"ci-game","176"
"ci-skip","38"
"ci-with-toad-devops-toolkit","24"
"ci-with-toad-edge","10"
"cifs","3"
"cisco-spark","53"
"cisco-spark-notifier","283"
"claim","3307"
"clamav","123"
"clang-scanbuild","264"
"clang-scanbuild-plugin","60"
"clearcase","1341"
"clearcase-release","27"
"clearcase-ucm-api","72"
"clearcase-ucm-baseline","45"
"clearcase-ucm-plugin","85"
"cli-commander","220"
"clif-performance-testing","13"
"clone-workspace-scm","1394"
"cloud-stats","34082"
"cloudaeye","3"
"cloudbees-bitbucket-branch-source","59879"
"cloudbees-credentials","1858"
"cloudbees-deployer-plugin","3"
"cloudbees-devoptics-enabler","61"
"cloudbees-disk-usage-simple","11067"
"cloudbees-disk-usage-simple-plugin","7"
"cloudbees-enabler","128"
"cloudbees-enterprise-plugins","8"
"cloudbees-feature-management","40"
"cloudbees-folder","225939"
"cloudbees-jenkins-advisor","471"
"cloudbees-plugin-gateway","37"
"cloudcoreo-deploytime","4"
"cloudevents","25"
"cloudfoundry","929"
"cloudguard-shiftleft","28"
"cloudhub-deployer","7"
"cloudify","16"
"cloudshare-docker","65"
"cloudshell-sandbox","35"
"cloudtest","78"
"clover","2419"
"cloverphp","607"
"cluster-stats","37"
"cmakebuilder","1864"
"cmvc","11"
"cobertura","11870"
"cocoapods-integration","261"
"code-coverage-api","13648"
"codebeamer-coverage-publisher","27"
"codebeamer-result-trend-updater","20"
"codebeamer-xunit-importer","50"
"codebeamer-xunit-uploader","45"
"codebuild-cloud","120"
"codebuilder-cloud","129"
"codeclimate-plugin","5"
"codecommit-url-helper","342"
"codecover","123"
"codedeploy","1522"
"codedx","52"
"codefresh","38"
"codeql","116"
"codescan","8"
"codescanner","27"
"codescene","23"
"codesonar","1644"
"codethreat-scanner","10"
"coding-webhook","44"
"collabnet","106"
"collabnet-automic-deploy","13"
"collabnet-uc4-deploy","9"
"collapsing-console-sections","567"
"command-launcher","148998"
"comments-remover","13"
"commit-message-trigger-plugin","125"
"commons-collections4-api","31354"
"commons-compress-api","58004"
"commons-httpclient3-api","15238"
"commons-lang-api","162"
"commons-lang3-api","200375"
"commons-math3-api","991"
"commons-text-api","197696"
"compact-columns","1466"
"compatibility-action-storage","150"
"composer-security-checker","74"
"compound-slaves","106"
"compress-artifacts","960"
"compress-buildlog","779"
"compressed_files_viewer","54"
"computer-queue-plugin","62"
"compuware-common-configuration","81"
"compuware-ispw-operations","30"
"compuware-scm-downloader","29"
"compuware-strobe-measurement","11"
"compuware-topaz-for-enterprise-data","8"
"compuware-topaz-for-total-test","32"
"compuware-topaz-utilities","34"
"compuware-xpediter-code-coverage","23"
"compuware-zadviser-api","6"
"concordionpresenter","30"
"concurrent-login-plugin","30"
"concurrent-step","384"
"conditional-buildstep","44884"
"config-autorefresh-plugin","342"
"config-driven-pipeline","188"
"config-file-provider","91966"
"config-rotator","10"
"configuration-as-code","36592"
"configuration-as-code-groovy","4734"
"configuration-as-code-secret-ssm","964"
"configuration-as-code-support","404"
"configurationslicing","6060"
"configure-job-column-plugin","490"
"conflict-aware-ondemand-strategy","6"
"confluence-publisher","1528"
"conjur-credentials","685"
"conjur-simple-integration","367"
"cons3rt","1"
"console-badge","353"
"console-column-plugin","1708"
"console-navigation","63"
"console-tail","344"
"consul","121"
"consul-kv-builder","610"
"container-image-link","3"
"content-replace","970"
"continuum","20"
"contrast-continuous-application-security","261"
"conventional-commits","84"
"convert-to-pipeline","2156"
"convertigo-mobile-platform","1"
"coordinator","201"
"copado","47"
"copr","4"
"copy-data-to-workspace-plugin","782"
"copy-project-link","1075"
"copy-to-slave","1003"
"copyarchiver","19"
"copyartifact","37889"
"cors-filter","2373"
"cortex-metrics","93"
"couchdb-statistics","3"
"countjobs-viewstabbar","293"
"covcomplplot","257"
"coverage","16940"
"coverage-badges-extension","82"
"coverity","239"
"cppcheck","2311"
"cppncss","270"
"cpptest","87"
"cppunit","7"
"crap4j","176"
"create-fingerprint","483"
"create-fingerprint-plugin","3"
"createjobadvanced","354"
"credentials","231213"
"credentials-binding","227051"
"crittercism-dsym","24"
"cron-shelve","63"
"cron_column","1761"
"crossbrowsertesting","92"
"crowd","66"
"crowd2","774"
"crowdstrike-security","47"
"crx-content-package-deployer","92"
"csp","338"
"ctrf-json","14"
"cucumber","131"
"cucumber-living-documentation","364"
"cucumber-perf","697"
"cucumber-reports","8393"
"cucumber-slack-notifier","528"
"cucumber-testresult-plugin","1711"
"cucumber-trends-report","753"
"curseforge-publisher","2"
"custom-build-properties","331"
"custom-checkbox-parameter","841"
"custom-folder-icon","2019"
"custom-job-icon","471"
"custom-markup-formatter","456"
"custom-tools-plugin","3277"
"custom-view-tabs","566"
"customizable-header","5192"
"customize-build-now","500"
"customized-build-message","356"
"cvs","11788"
"cvs-tag","33"
"cyberchief-security-scanner","1"
"cygpath","371"
"cygwin-process-killer","73"
"dagshub-branch-source","20"
"daily-quote","16"
"darcs","5"
"dark-theme","103109"
"dashboard-view","26462"
"data-tables-api","60165"
"database","3807"
"database-drizzle","57"
"database-h2","104"
"database-mariadb","42"
"database-mysql","1596"
"database-postgresql","1229"
"database-sqlite","134"
"database-sqlserver","322"
"datadog","2323"
"datadog-build-reporter","1"
"datatheorem-mobile-app-security","83"
"date-parameter","3933"
"datetime-constraint","143"
"datical-db-plugin","4"
"dbCharts","42"
"dbforge-devops-automation-for-sqlserver","63"
"deadmanssnitch","3"
"debian-package-builder","134"
"debian-pbuilder","33"
"declarative-pipeline-migration-assistant","1197"
"declarative-pipeline-migration-assistant-api","1637"
"deepcrawl-test","1"
"deepsecurity-smartcheck","20"
"defectdojo","89"
"defensics","30"
"delete-log-plugin","152"
"delivery-pipeline-plugin","5359"
"delphix","32"
"delta-cloud","3"
"depbuilder","49"
"dependency-check-jenkins-plugin","8475"
"dependency-queue-plugin","120"
"dependency-track","4008"
"dependencyanalyzer","937"
"depgraph-view","2083"
"deploy","7707"
"deploy-dashboard","189"
"deploy-integrationserver","15"
"deploydb","25"
"deployed-on-column","347"
"deployer-framework","276"
"deploygate-plugin","36"
"deployhub","12"
"deployit-plugin","554"
"deployment-notification","239"
"deployment-sphere","37"
"describe-with-params","290"
"description-column","6"
"description-column-plugin","381"
"description-setter","7968"
"design-library","84"
"deveo","13"
"device-watcher","44"
"devops-portal","246"
"devstack","2"
"diagnostics","52"
"diawi-upload","22"
"digicert-software-trust-code-sign","148"
"digicert-software-trust-gpg-sign","24"
"digitalocean-plugin","207"
"dimensionsscm","23"
"dingding-json-pusher","682"
"dingding-notifications","5619"
"disable-failed-job","312"
"disable-github-multibranch-status","1031"
"disable-job-button","1957"
"discard-old-build","5299"
"discobit-autoconfig","3"
"discord-notifier","1454"
"disk-usage","7215"
"diskcheck","343"
"display-console-output","766"
"display-upstream-changes","379"
"display-url-api","231317"
"distTest","35"
"distfork","268"
"diversion-scm","26"
"docker-build-publish","5935"
"docker-build-step","8992"
"docker-commons","95719"
"docker-compose-build-step","4019"
"docker-custom-build-environment","1857"
"docker-java-api","39719"
"docker-plugin","35353"
"docker-slaves","3365"
"docker-swarm","520"
"docker-traceability","727"
"docker-workflow","84018"
"dockerhub","4"
"dockerhub-notification","1204"
"doclinks","606"
"doktor","71"
"dos-trigger","206"
"dotcommonitor-loadview","16"
"dotcoverrunner","49"
"dotnet-as-script","267"
"dotnet-sdk","2340"
"downstream-build-cache","1794"
"downstream-buildview","1788"
"downstream-ext","1215"
"doxygen","1133"
"drecycler","41"
"drmemory-plugin","60"
"drools","1"
"dropdown-viewstabbar-plugin","465"
"drupal-developer","14"
"dry","757"
"dry-run","277"
"dtkit","186"
"dtkit-api","11525"
"dumpinfo-buildwrapper-plugin","62"
"dumpling","125"
"durable-task","224347"
"dynamic-axis","896"
"dynamic-search-view","355"
"dynamic_extended_choice_parameter","3198"
"dynamicparameter","910"
"dynatrace-dashboard","78"
"eagle-tester","4"
"ease-plugin","19"
"easyqa","3"
"ec2","9324"
"ec2-cloud-axis","73"
"ec2-deployment-dashboard","259"
"ec2-fleet","2171"
"echarts-api","214946"
"eclipse-update-site","21"
"ecs-publisher","84"
"ecu-test-execution","49"
"ecutest","75"
"eddsa-api","163492"
"editable-choice","961"
"eggplant-plugin","12"
"eggplant-runner","17"
"eiffel-broadcaster","21"
"eks-token","183"
"elOyente","3"
"elastest","3"
"elastic-axis","639"
"elasticbox","19"
"elasticsearch-query","62"
"electricflow","215"
"email-ext","193679"
"email-ext-recipients-column","2402"
"emailext-template","17425"
"embeddable-build-status","11862"
"embotics-vcommander","9"
"emergency-stop-pipelines","8"
"emma","683"
"emmacoveragecolumn","45"
"emoji-symbols-api","10729"
"emotional-hudson","22"
"emotional-jenkins-plugin","486"
"enhanced-credentials","93"
"enhanced-metrics","125"
"enhanced-old-build-discarder","545"
"envfile","1432"
"envinject","43277"
"envinject-api","46101"
"environment-dashboard","485"
"environment-filter-utils","97"
"environment-labels-setter","144"
"environment-manager","45"
"environment-script","2166"
"environment-variable-page-decoration","55"
"environment-variables-status-sync","15"
"escaped-markup-plugin","74"
"essentials","2"
"event-announcer","3"
"exam","10"
"excludeMatrixParent","68"
"exclusive-execution","548"
"exclusive-label-plugin","37"
"experitest-cloud","10"
"explain-error","189"
"export-job-parameters","39"
"export-params","684"
"extended-choice-parameter","25711"
"extended-read-permission","16398"
"extended-security-settings","315"
"extended-timer-trigger","143"
"extensible-choice-parameter","12336"
"extension-filter","31"
"extensivetesting","7"
"external-monitor-job","55209"
"external-scheduler","12"
"external-workspace-manager","1101"
"externalresource-dispatcher","17"
"extra-columns","6003"
"extra-tool-installers","530"
"extreme-feedback","24"
"extreme-notification","289"
"ez-templates","1409"
"ezwall","98"
"fabric-beta-publisher","100"
"fail-the-build-plugin","1390"
"failedJobDeactivator","8"
"fast-track","28"
"favorite","61546"
"favorite-view","714"
"feature-branch-notifier","84"
"figlet-buildstep","89"
"file-leak-detector","584"
"file-operations","7429"
"file-parameters","9014"
"files-found-trigger","531"
"filesystem-list-parameter-plugin","1558"
"filesystem_scm","1154"
"findbugs","1383"
"finite-state-analysis","10"
"finite-state-binary-scan","4"
"finite-state-third-party-upload","5"
"fireline","125"
"first-plugin","2"
"fitnesse","422"
"flaky-test-handler","1016"
"flashlog-plugin","16"
"flatpickr-api","10678"
"flexdeploy","11"
"flexible-publish","4965"
"flexteam","3"
"flock","30"
"flow","238"
"fluentd","80"
"flyway-api","653"
"flyway-runner","651"
"fogbugz","10"
"folder-auth","2953"
"folder-properties","6890"
"font-awesome-api","215963"
"foreman-node-sharing","2"
"forensics-api","29274"
"form-element-path","251"
"forticwp-cicd","13"
"fortify","1078"
"fortify-cloudscan-jenkins-plugin","31"
"fortify-on-demand-uploader","407"
"fortify360","32"
"fstrigger","1859"
"ftp-rename","95"
"ftppublisher","915"
"fxcop-runner","285"
"gallio","21"
"gamekins","3"
"gating-core","28"
"gatling","2490"
"gatling-check","597"
"gcal","80"
"gcloud-sdk","528"
"gcm-notification","25"
"gcp-java-sdk-auth","142"
"gcp-java-sdk-storage","114"
"gcp-secrets-manager-credentials-provider","602"
"gcr-scanner","11"
"gearman-plugin","194"
"gem-publisher","38"
"generic-environment-filters","43"
"generic-event","231"
"generic-tool","131"
"generic-webhook-trigger","33769"
"genexus","163"
"gerrit","49"
"gerrit-checks-api","456"
"gerrit-code-review","1222"
"gerrit-trigger","5716"
"gerrit-verify-status-reporter","518"
"ghost-inspector","92"
"ghprb","5161"
"girls","3"
"git","224942"
"git-automerger","156"
"git-bisect","92"
"git-changelog","5985"
"git-chooser-alternative","334"
"git-client","226361"
"git-collect","2"
"git-forensics","2277"
"git-notes","89"
"git-parameter","51389"
"git-prebuildmerge-trait","260"
"git-push","3581"
"git-server","84974"
"git-tag-message","1715"
"git-userContent","306"
"git-version-monitor","30"
"gitblit","176"
"gitbucket","890"
"gitcolony-plugin","49"
"gitea","4426"
"gitea-checks","994"
"gitea-pat-kubernetes-credentials","241"
"gitee","2833"
"gitflow","215"
"github","198332"
"github-api","201290"
"github-app-kubernetes-credentials","223"
"github-autostatus","1956"
"github-branch-pr-change-filter","638"
"github-branch-source","194152"
"github-checks","3534"
"github-coverage-reporter","181"
"github-issues","707"
"github-label-filter","364"
"github-oauth","9933"
"github-organization-folder","5054"
"github-pr-comment-build","1904"
"github-pr-coverage-status","1113"
"github-pullrequest","10998"
"github-release","193"
"github-scm-filter-aged-refs","384"
"github-scm-filter-jira-validator","232"
"github-scm-trait-commit-skip","1059"
"github-scm-trait-notification-context","1382"
"github-sqs-plugin","56"
"gitlab-api","19738"
"gitlab-branch-source","10772"
"gitlab-checks","122"
"gitlab-hook","2373"
"gitlab-kubernetes-credentials","1248"
"gitlab-logo","4052"
"gitlab-merge-request-jenkins","4819"
"gitlab-oauth","11330"
"gitlab-plugin","44901"
"gitorious","1"
"global-build-stats","4756"
"global-pipeline-parameters","11"
"global-post-script","902"
"global-pre-script","366"
"global-slack-notifier","4225"
"global-variable-string-parameter","1637"
"global-yaml-properties","97"
"gnat","89"
"gogs-webhook","887"
"golang","4109"
"google-admin-sdk","60"
"google-analytics-usage-reporter","33"
"google-analyze-code-security","10"
"google-api-client-plugin","80"
"google-chat-notification","1845"
"google-cloud-backup","131"
"google-cloud-health-check","30"
"google-cloudbuild","205"
"google-compute-engine","1305"
"google-container-registry-auth","833"
"google-deployment-manager","98"
"google-git-notes-publisher","61"
"google-kubernetes-engine","851"
"google-login","4052"
"google-metadata-plugin","1806"
"google-oauth-plugin","9448"
"google-play-android-publisher","1628"
"google-source-plugin","471"
"google-storage-plugin","1437"
"googleanalytics","53"
"googlecode","3"
"gprbuild","2"
"gradle","180241"
"gradle-daemon","392"
"gradle-repo","1124"
"grails","128"
"graphiteIntegrator","150"
"graphql-server","3"
"gravatar","990"
"greenballs","8426"
"groovy","22991"
"groovy-events-listener-plugin","379"
"groovy-label-assignment","1227"
"groovy-postbuild","15006"
"groovy-remote","565"
"groovyaxis","53"
"growl","32"
"grypescanner","227"
"gson-api","179024"
"h2-api","12816"
"habitat","3"
"hadoop","8"
"hall-jenkins","1"
"handlebars","59633"
"handy-uri-templates-2-api","71537"
"harbor","398"
"harvest","12"
"hashicorp-vault-pipeline","2855"
"hashicorp-vault-plugin","9465"
"hckrnews","1"
"headspin","3"
"heavy-job","641"
"helix-alm-test-management","14"
"helix-teamhub","20"
"hello-world","1"
"help-editor","1"
"heroku-jenkins-plugin","1"
"hetzner-cloud","78"
"hidden-parameter","8257"
"hiddenlayer-model-scanner","1"
"hipchat","757"
"hipchat-plugin","2"
"hockeyapp","113"
"horreum","1"
"housekeeper","28"
"hp-application-automation-tools-plugin","1204"
"hp-operations-orchestration-automation-execution-plugin","18"
"hp-quality-center","70"
"hpe-network-virtualization","11"
"hsts-filter-plugin","226"
"html-audio-notifier","89"
"html5-notifier-plugin","468"
"htmlpublisher","81316"
"htmlresource","326"
"http-post","790"
"http_request","28791"
"huaweicloud-credentials","36"
"huaweicloud-ecs","11"
"hubot-steps","227"
"hudson-logaction-plugin","8"
"hudson-pview-plugin","521"
"hudson-startup-trigger","7"
"hudson-wsclean-plugin","2761"
"hue-light","27"
"hugo","9"
"humbug","9"
"hyper-build-step","61"
"hyper-commons","95"
"hyper-slaves","16"
"ibm-application-security","12"
"ibm-cloud-devops","27"
"ibm-continuous-release","4"
"ibm-security-appscansource-scanner","94"
"ibm-security-appscanstandard-scanner","142"
"ibmi-steps","14"
"icedq","1"
"icescrum","7"
"icn-plugin-loader","12"
"icon-shim","11591"
"icq-notification","6"
"ifttt-build-notifier","21"
"ignore-committer-strategy","895"
"ikachan","1"
"image-gallery","490"
"image-tag-parameter","1720"
"imagecomparison","9"
"immuniweb","2"
"implied-labels","61"
"in-toto","3"
"incapptic-connect-uploader","2"
"indusface-was","1"
"inedo-buildmaster","6"
"inedo-proget","55"
"infisical","75"
"inflectra-spira-integration","30"
"influxdb","2893"
"influxdb-query","233"
"inline-pipeline","1172"
"inodes-monitor","106"
"insightappsec","180"
"installshield","65"
"instana","31"
"instance-identity","197817"
"instant-messaging","1190"
"integrity-plugin","137"
"internetmeme","82"
"ionicons-api","199364"
"ios-device-connector","46"
"ipmessenger-plugin","23"
"ircbot","154"
"issue-link","38"
"itest","6"
"itms-for-jira","1"
"itms-junit-report-publisher","11"
"ivy","11938"
"ivy-report","106"
"ivytrigger","423"
"jabber","299"
"jabber-server-plugin","3"
"jacked","7"
"jackson-databind","215"
"jackson2-api","228681"
"jackson3-api","37135"
"jacoco","13962"
"jakarta-activation-api","202109"
"jakarta-mail-api","201818"
"jakarta-xml-bind-api","104646"
"japex","11"
"javadoc","101070"
"javancss","223"
"javanet","3"
"javanet-uploader","11"
"javatest-report","86"
"javax-activation-api","211132"
"javax-mail-api","155452"
"jaxb","211824"
"jbehave-hudson-plugin","2"
"jboss","182"
"jbpm-embedded-plugin","6"
"jbpm-workflow-plugin","27"
"jcaptcha-plugin","74"
"jclouds-jenkins","398"
"jdcloud-codedeploy","5"
"jdepend","606"
"jdk-tool","148317"
"jenkins-cloudformation-plugin","344"
"jenkins-design-language","58510"
"jenkins-flowdock-plugin","201"
"jenkins-infra-test","7"
"jenkins-jira-issue-updater","1518"
"jenkins-leiningen","2"
"jenkins-multijob-plugin","10716"
"jenkins-reviewbot","86"
"jenkins-tag-cloud-plugin","19"
"jenkins-testswarm-plugin","18"
"jenkins-tracker","2"
"jenkinsci-appspider-plugin","71"
"jenkinslint","359"
"jenkinspider","4"
"jenkinswalldisplay","549"
"jenkinswalldisplay-pom","4"
"jersey2-api","58528"
"jersey3-api","14877"
"jetbrains-space","1"
"jfrog","3745"
"jgiven","504"
"jianliao","3"
"jigomerge","89"
"jira","28612"
"jira-ext","1215"
"jira-integration","473"
"jira-steps","4603"
"jira-trigger","2610"
"jjwt-api","186482"
"jmeter","5"
"jmh-report","93"
"jms-messaging","84"
"jna-posix-api","88"
"jnr-posix-api","17941"
"job-direct-mail","163"
"job-dsl","33665"
"job-exporter","555"
"job-fan-in","263"
"job-import-plugin","12802"
"job-log-logger-plugin","281"
"job-node-stalker","302"
"job-parameter-summary","577"
"job-poll-action-plugin","355"
"job-restrictions","4826"
"job-strongauth-simple","14"
"jobConfigHistory","30715"
"jobcacher","1526"
"jobcacher-artifactory-storage","104"
"jobcacher-azure-storage","19"
"jobcacher-oras-storage","4"
"jobcopy-builder","855"
"jobdelete-builder","137"
"jobgenerator","873"
"jobrequeue","132"
"jobrevision","280"
"jobtag","284"
"jobtemplates","147"
"jobtype-column","308"
"joda-time-api","171229"
"join","2730"
"jprt","8"
"jqs-monitoring","929"
"jquery","53321"
"jquery-detached","40233"
"jquery-ui","6546"
"jquery3-api","216321"
"jsch","147348"
"jsgames","5"
"jshint-checkstyle","37"
"jslint","220"
"jslint-checkstyle","20"
"jsm-alert","81"
"json-api","175879"
"json-editor-parameter","351"
"json-parameter","41"
"json-path-api","173739"
"jsoup","109532"
"jspecify-api","55"
"jsunit","210"
"jswidgets","91"
"jucies","29"
"junit","226476"
"junit-attachments","4042"
"junit-realtime-test-reporter","1692"
"junit-sql-storage","210"
"jwt-auth","189"
"jwt-support","72"
"jx-pipelines","246"
"jx-resources","16"
"jython","219"
"kafkalogs","159"
"kanboard","27"
"karaf-build-step","8"
"katalon","571"
"kato","1"
"keep-slave-disconnected","37"
"keepSlaveOffline","61"
"keeper-secrets-manager","96"
"kerberos-sso","450"
"keyboard-shortcuts-plugin","199"
"keycloak","1671"
"kiuwanJenkinsPlugin","125"
"klaros-testmanagement","9"
"klocwork","602"
"kmap-jenkins","22"
"kobiton-integration","1"
"koji","7"
"koji-scm","3"
"kotlin-v1-stdlib-jdk8","447"
"kpp-management-plugin","1807"
"kryptowire","6"
"kubernetes","32830"
"kubernetes-cd","1318"
"kubernetes-ci","78"
"kubernetes-cli","10275"
"kubernetes-client-api","36317"
"kubernetes-credentials","35603"
"kubernetes-credentials-provider","6253"
"kubernetes-ephemeral-container","123"
"kubernetes-pipeline-aggregator","94"
"kubernetes-pipeline-arquillian-steps","92"
"kubernetes-pipeline-devops-steps","2606"
"kubernetes-pipeline-steps","482"
"kubesphere-token-auth","44"
"label-linked-jobs","1085"
"label-verifier","136"
"labeled-test-groups-publisher","93"
"labelled-steps","342"
"labmanager","26"
"lacework-security-scanner","14"
"lambda-test-runner","98"
"lambdatest-automation","257"
"last-changes","2235"
"lastfailureversioncolumn","213"
"lastsuccessversioncolumn","262"
"ldap","195480"
"ldapemail","1650"
"leapwork","121"
"leastload","2256"
"leiningen-plugin","44"
"lenientshutdown","216"
"levo","2"
"libvirt-slave","206"
"lifx-notifier","91"
"lighthouse-report","257"
"linenumbers","259"
"lingr-plugin","1"
"link-column","19"
"liquibase-runner","435"
"list-command","95"
"list-git-branches-parameter","3600"
"liverebel-deploy","2"
"livescreenshot","96"
"llvm-cov","81"
"loadcomplete","2"
"loaderio-jenkins-plugin","6"
"loadfocus-jmeter-load-testing-integration","198"
"loadfocus-loadtest","12"
"loadimpact-plugin","18"
"loadium","4"
"loadmance","2"
"loadninja","18"
"loadrunner","5"
"loadrunner-cloud","45"
"locale","22023"
"localization-support","55252"
"localization-zh-cn","53996"
"lockable-resources","73217"
"locked-files-report","32"
"log-cli","66"
"log-command","106"
"log-file-filter","502"
"log-flow-visualizer","5"
"log-parser","8759"
"logaction-plugin","50"
"logback-nats-appender","55"
"logentries","12"
"logfilesizechecker","1004"
"logging","353"
"login-theme","5430"
"logstash","2791"
"lotus-connections-plugin","5"
"lsf-cloud","2"
"lucene-search","566"
"m2-extra-steps","24"
"m2release","6408"
"mabl-integration","68"
"mac","278"
"machine-learning","32"
"macstadium-orka","602"
"mail-watcher-plugin","3355"
"mailcommander","185"
"mailer","231095"
"mailmap-resolver","83"
"maintenance-jobs-scheduler","61"
"manage-permission","191"
"managed-scripts","3013"
"mantis","90"
"mapdb-api","63297"
"marathon","100"
"mariadb-api","51"
"markdown-formatter","1200"
"markdown-params","23"
"mashup-portlets-plugin","345"
"mask-passwords","17817"
"material-theme","3526"
"mathworks-polyspace","132"
"matlab","364"
"matomo-analytics","6"
"matrix-auth","208818"
"matrix-combinations-parameter","1907"
"matrix-communication","75"
"matrix-groovy-execution-strategy","727"
"matrix-project","223698"
"matrix-reloaded","585"
"matrixtieparent","243"
"mattermost","1920"
"maven-artifact-choicelistprovider","2611"
"maven-dependency-update-trigger","1469"
"maven-deployment-linker","850"
"maven-info","2643"
"maven-invoker-plugin","1850"
"maven-metadata-plugin","1528"
"maven-plugin","92322"
"maven-release-cascade","348"
"maven-repo-cleaner","1368"
"maven-snapshot-check","744"
"mcp-server","1500"
"mdt-deployment","11"
"mdtool","26"
"meliora-testlab","19"
"memegen","47"
"memory-map","153"
"mend-cloud-native-security-scanner","31"
"mentor-questa-vrm","54"
"mercurial","34567"
"mergebase-sca","3"
"mesos","304"
"metadata","195"
"metadefender","12"
"metrics","131359"
"metrics-aggregation","36"
"metrics-datadog","237"
"metrics-diskusage","561"
"metrics-ganglia","9"
"metrics-graphite","186"
"micro-focus-performance-center-integration","138"
"microdocs-integration","1"
"micrometer-core-api","9"
"mina-sshd-api-common","201691"
"mina-sshd-api-core","200424"
"mina-sshd-api-scp","6442"
"mina-sshd-api-sftp","869"
"minio","422"
"minio-storage","49"
"miniorange-saml-sp","2619"
"miniorange-two-factor","682"
"misra-compliance-report-generator","19"
"mission-control-view","508"
"mixing-security-realm","140"
"mktmpio","58"
"mock-load-builder","9"
"mock-security-realm","124"
"mock-slave","182"
"modernstatus","1209"
"mogotest","1"
"momentjs","65550"
"mongodb","119"
"mongodb-document-upload","66"
"monitor-pro","113"
"monitor-remote-job","54"
"monitoring","16570"
"monkit-plugin","5"
"mq-notifier","271"
"mqtt-notification-plugin","88"
"msbuild","15163"
"msginject","218"
"mstest","3707"
"mstestrunner","1976"
"mttr","102"
"multi-branch-priority-sorter","160"
"multi-branch-project-plugin","1710"
"multi-module-tests-publisher","143"
"multi-slave-config-plugin","542"
"multibranch-action-triggers","1074"
"multibranch-build-strategy-extension","2751"
"multibranch-filter","12"
"multibranch-job-tear-down","119"
"multibranch-scan-webhook-trigger","5099"
"multiple-scms","14424"
"multiselect-parameter","1452"
"muuri-api","245"
"mysql-api","1288"
"mysql-job-databases","48"
"myst-plugin","58"
"naginator","9150"
"nant","1204"
"neoload-jenkins-plugin","191"
"nerrvana-plugin","5"
"nested-data-reporting","262"
"nested-view","6837"
"netdomain-labeler","29"
"netsparker-cloud-scan","585"
"netty-api","8551"
"network-monitor","196"
"neuro-cucumber","34"
"neuvector-vulnerability-scanner","76"
"newrelic-deployment-notifier","530"
"next-build-number","7100"
"next-executions","2901"
"nexus-artifact-uploader","6117"
"nexus-jenkins-plugin","3592"
"nexus-task-runner","632"
"nirmata","47"
"nis-notification-lamp","8"
"no-agent-job-purge","207"
"node-iterator-api","13024"
"node-sharing-executor","81"
"node-sharing-orchestrator","6"
"nodejs","58645"
"nodelabelparameter","15092"
"nodenamecolumn","706"
"nodeofflinenotification","2"
"nodepool-agents","24"
"nomad","237"
"non-dynamic-hello-world","3"
"nopmdcheck","22"
"nopmdverifytrac","11"
"nord-theme","753"
"notifer","3"
"notification","3027"
"notify-events","617"
"nouvola-divecloud","3"
"nowsecure-auto-security-test","100"
"nowsecure-ci-assessments","5"
"npm-yarn-wrapper-steps","1877"
"nsiqcollector","64"
"nuclei","21"
"nuget","1735"
"numeraljs","156"
"nunit","3814"
"nutanix-calm","7"
"nvm-wrapper","2585"
"oak9","3"
"oauth-credentials","11542"
"octoperf","28"
"octopusdeploy","528"
"oes-template","125"
"offlineonfailure-plugin","85"
"oic-auth","6556"
"oidc-backchannel-logout","16"
"oidc-provider","1252"
"okhttp-api","203373"
"oki-docki","64"
"ompass-2fa","6"
"one-shot-executor","45"
"onepassword-secrets","185"
"onesky","6"
"ontrack","18"
"open-stf","20"
"openJDK-native-plugin","1871"
"opencover","103"
"openedge","28"
"openid","460"
"openid4java","723"
"openmfa","64"
"openshift-client","1843"
"openshift-deployer","109"
"openshift-k8s-credentials","158"
"openshift-login","777"
"openshift-pipeline","423"
"openshift-sync","850"
"openstack-cloud","600"
"openstack-heat","1"
"opentelemetry","2009"
"opentelemetry-agent-metrics","219"
"opentelemetry-api","4009"
"opsbox-utility","5"
"opsgenie","300"
"opslevel","13"
"oracle-cloud-infrastructure-compute","600"
"oracle-cloud-infrastructure-compute-classic","10"
"oracle-cloud-infrastructure-devops","137"
"oras-java-api","21"
"osf-builder-suite-for-sfcc-credentials","89"
"osf-builder-suite-for-sfcc-data-import","51"
"osf-builder-suite-for-sfcc-deploy","78"
"osf-builder-suite-for-sfcc-run-job","38"
"osf-builder-suite-standalone-sonar-linter","155"
"osf-builder-suite-xml-linter","9"
"oslc-cm","4"
"oss-symbols-api","48268"
"ostorlab","1"
"otabuilder","3"
"outbound-webhook","458"
"overops-query","12"
"oversecured","3"
"ownership","1141"
"p4","5054"
"p4sa","51"
"paaslane-estimate","1"
"package-drone","13"
"package-parameter","171"
"packagecloud","13"
"packageversion","8"
"packer","832"
"pagerduty","825"
"paginated-builds","46"
"pam-auth","145802"
"pangolin-testrail-connector","18"
"parallel-test-executor","844"
"parallels-desktop","20"
"parameter-pool","225"
"parameter-separator","7231"
"parameterized-scheduler","18369"
"parameterized-trigger","56565"
"parasoft-findings","428"
"partyparrotstatus","27"
"patch-parameter","325"
"pathignore","56"
"peass-ci","3"
"pegdown-formatter","612"
"pending-changes","112"
"people-redirector","18"
"people-view","2513"
"percentage-du-node-column","582"
"perfecto","10"
"perfectomobile","11"
"perforce","284"
"performance","9542"
"performance-signature-dynatrace","54"
"performance-signature-dynatracesaas","74"
"performance-signature-ui","135"
"performance-signature-viewer","68"
"perfpublisher","898"
"periodic-reincarnation","210"
"periodicbackup","2120"
"perl","27"
"perl-smoke-test","7"
"permissive-script-security","5851"
"persistent-build-queue-plugin","42"
"persistent-parameter","3684"
"persona","56"
"phabricator-k8s","72"
"phabricator-plugin","307"
"phing","391"
"phoenix-autotest","112"
"php","110"
"php-builtin-web-server","114"
"piketec-tpt","52"
"pipeline-agent-build-history","467"
"pipeline-aggregator-view","3220"
"pipeline-as-yaml","698"
"pipeline-aws","13251"
"pipeline-bamboo","128"
"pipeline-build-step","219603"
"pipeline-classpath","47"
"pipeline-cloudwatch-logs","18"
"pipeline-config-history","1402"
"pipeline-cps-http","1521"
"pipeline-cps-oras","11"
"pipeline-dependency-walker","532"
"pipeline-deploymon","390"
"pipeline-editor","6"
"pipeline-gcp","136"
"pipeline-giphy-api","35"
"pipeline-github","8667"
"pipeline-github-lib","173564"
"pipeline-githubnotify-step","4258"
"pipeline-gitstatuswrapper","227"
"pipeline-global-lib-nexus","849"
"pipeline-graph-analysis","175730"
"pipeline-graph-view","94594"
"pipeline-groovy-lib","195050"
"pipeline-huaweicloud-plugin","66"
"pipeline-input-notification","448"
"pipeline-input-step","221142"
"pipeline-keep-running-step","116"
"pipeline-keepenv-step","161"
"pipeline-lib-oras","2"
"pipeline-maven","22104"
"pipeline-maven-api","17643"
"pipeline-maven-database","849"
"pipeline-milestone-step","218460"
"pipeline-model-api","220046"
"pipeline-model-declarative-agent","26687"
"pipeline-model-definition","217301"
"pipeline-model-extensions","218813"
"pipeline-multibranch-defaults","7781"
"pipeline-npm","5411"
"pipeline-project-env","30"
"pipeline-reporter-by-redpen","13"
"pipeline-rest-api","148721"
"pipeline-restful-api","363"
"pipeline-stage-step","221625"
"pipeline-stage-tags-metadata","220264"
"pipeline-stage-view","143899"
"pipeline-timeline","2343"
"pipeline-utility-steps","57942"
"pitmutation","219"
"piwikanalytics","75"
"plain-credentials","228201"
"plain-text-console-link","111"
"plasticscm-mergebot","18"
"plasticscm-plugin","261"
"platformlabeler","198"
"play-autotest-plugin","32"
"plot","4352"
"plugin-usage-plugin","7103"
"plugin-util-api","216724"
"pmd","1326"
"polarion","115"
"policycenter-gate-validator","18"
"poll-mailbox-trigger","6"
"poll-mailbox-trigger-plugin","860"
"pollscm","1257"
"pom2config","58"
"popper-api","45888"
"popper2-api","55783"
"port-allocator","1780"
"portscanner","17"
"portshift-scanner","14"
"post-completed-build-result","255"
"postbuild-task","14182"
"postbuildscript","9453"
"postgresql-api","1250"
"postgresql-fingerprint-storage","18"
"powershell","16216"
"pragprog","22"
"preSCMbuildstep","4230"
"preflight-integration","5"
"prereq-buildstep","360"
"pretested-integration","324"
"prism-api","116627"
"prisma-cloud-iac-scan","147"
"probely-security","22"
"proc-cleaner-plugin","105"
"progress-bar-column-plugin","1118"
"project-build-times","1059"
"project-description-setter","1637"
"project-health-report","211"
"project-inheritance","405"
"project-stats-plugin","1276"
"prometheus","17263"
"promoted-builds","7424"
"promoted-builds-simple","646"
"propelo-job-reporter","30"
"protecode-sc","70"
"provar-automation","43"
"proxmox","192"
"prqa-plugin","184"
"pry","18"
"publish-over","55670"
"publish-over-cifs","2920"
"publish-over-dropbox","200"
"publish-over-ftp","5613"
"publish-over-ssh","50852"
"publish-to-bitbucket","388"
"pubsub-light","61210"
"pull-request-monitoring","229"
"puppet","68"
"puppet-enterprise-pipeline","30"
"pureload","4"
"purge-build-queue-plugin","2866"
"purge-job-history","3595"
"pvcs_scm","20"
"pwauth","286"
"pyenv","199"
"pyenv-pipeline","3857"
"python","7875"
"python-wrapper","531"
"qc","78"
"qftest","134"
"qiniu","46"
"qmetry-for-jira-test-management","74"
"qmetry-test-management","67"
"qrebel","11"
"qtest","968"
"quali-torque","1"
"quality-gates","2496"
"qualityclouds","9"
"qualys-api-security","12"
"qualys-cs","158"
"qualys-iac-security","14"
"qualys-pc","67"
"qualys-vm","77"
"qualys-was","298"
"quay-tag-parameter","1"
"quayio-trigger","10"
"queue-cleanup","298"
"queueredirector","3"
"qy-wechat-notification","2745"
"r","89"
"r7insight-log-forwarder","8"
"rabbitmq-build-trigger","194"
"rabbitmq-consumer","536"
"rabbitmq-publisher","131"
"rad-builder","32"
"radargun","1"
"radargun-reporting","1"
"radiatorviewplugin","608"
"railflow-testrail","16"
"rake","665"
"rally-plugin","64"
"rally-update-plugin-1","2"
"rallyBuild","23"
"rancher","20"
"random-job-builder","17"
"random-string-parameter","538"
"ranorex-integration","235"
"rapid7-insightvm-container-assessment","86"
"rapiddeploy-jenkins","24"
"rb","33"
"rbenv","91"
"reactor-plugin","11"
"read-only-configurations","497"
"readonly-parameters","1175"
"rebuild","40369"
"recipe","40"
"redeploy-rancher2-workload","398"
"redgate-sql-ci","136"
"redhat-codeready-dependency-analysis","7"
"redhat-dependency-analytics","49"
"redis-fingerprint-storage","55"
"redis-notifier","27"
"redmine","667"
"redmine-metrics-report","116"
"refit","2"
"regression-report-plugin","116"
"release","1926"
"release-helper","282"
"reliza-integration","1"
"relution-publisher","13"
"remote-file","2946"
"remote-jobs-view-plugin","131"
"remote-result-trigger","30"
"remote-terminal-access","271"
"remoting-kafka","53"
"remoting-opentelemetry","85"
"remoting-security-workaround","19"
"repo","2780"
"report-diff","23"
"report-generic-chart-column","13"
"report-info","633"
"report-jtreg","71"
"reportportal","121"
"repository","1110"
"repository-connector","2017"
"reqtify","13"
"requests","52"
"resource-disposer","203368"
"resources-ai-chatbot","30"
"rest-list-parameter","374"
"restricted-register","36"
"results-cache","39"
"reverse-proxy-auth-plugin","2324"
"rhnpush-plugin","20"
"rich-text-publisher-plugin","1897"
"rigor-optimization","12"
"robot","7362"
"rocketchatnotifier","852"
"role-strategy","81740"
"rpi-build-status","1"
"rpmsign-plugin","224"
"rqm-plugin","23"
"rrod","24"
"rtc","4"
"ruby-runtime","3896"
"rubyMetrics","354"
"rubymotion","46"
"run-condition","49319"
"run-condition-extras","1547"
"run-selector","710"
"rundeck","655"
"runscope","48"
"rusalad-plugin","4"
"rvm","225"
"s3","6412"
"s3-jobcacher-storage","83"
"s3explorer","114"
"safe-batch-environment-filter","25"
"saferestart","8889"
"sahagin","11"
"salesforce-migration-assistant-plugin","53"
"saltstack","289"
"sametime","19"
"saml","15875"
"sasunit-plugin","18"
"sauce-ondemand","676"
"sbt","1441"
"scala-junit-name-decoder","70"
"scalable-amazon-ecs","749"
"schedule-build","5632"
"schedule-build-plugin","8"
"schedule-failed-builds","37"
"scis-ad","41"
"scm-api","231394"
"scm-branch-pr-filter","2"
"scm-filter-branch-pr","1115"
"scm-filter-jervis","44"
"scm-httpclient","31"
"scm-manager","178"
"scm-sqs","58"
"scm-sync-configuration","1148"
"scm2job","365"
"scmskip","1365"
"scons","116"
"scoring-load-balancer","1470"
"scoverage","410"
"scp","2303"
"screenrecorder","5"
"script-realm","157"
"script-scm","25"
"script-security","231841"
"scripted-cloud-plugin","73"
"scriptler","5990"
"scripttrigger","213"
"sdelements","1"
"sealights","18"
"search-all-results-plugin","71"
"secondary-timestamper-plugin","1781"
"secone-sca-sast-security-scanner","6"
"secone-security","7"
"secret","10"
"sectioned-view","2934"
"secure-post-script","165"
"secure-requester-whitelist","377"
"security-inspector","126"
"security-no-captcha","4"
"seed","250"
"select2-api","628"
"selected-tests-executor","221"
"selection-tasks-plugin","107"
"selenium","857"
"selenium-aes","158"
"selenium-axis","171"
"selenium-builder","299"
"seleniumhtmlreport","1623"
"seleniumrc-plugin","230"
"semantic-versioning-plugin","233"
"sematext","14"
"send-stacktrace-to-eclipse-plugin","18"
"sensedia-api-platform","1"
"serenity","281"
"service-fabric","66"
"service-now","248"
"servicenow-cicd","142"
"servicenow-devops","296"
"setenv","44"
"shared-library-version-override","99"
"shared-objects","603"
"shared-workspace","1040"
"shelve-project-plugin","1732"
"shiningpanda","2982"
"short-workspace-path","223"
"shortcut-job","29"
"show-build-parameters","2345"
"shutdown-queue","8"
"sicci_for_xcode","108"
"sidebar-link","5623"
"sidebar-update-notification","123"
"sideex","3"
"signal-killer","28"
"signpath","5"
"silk-performer-plugin","6"
"simple-build-for-pipeline","676"
"simple-parameterized-builds-report","749"
"simple-priority-sorter","27"
"simple-queue","540"
"simple-theme-plugin","20163"
"simple-travis-runner","27"
"simpleclearcase","76"
"simpleupdatesite","7"
"simplify-qa-connector","4"
"simplifyqa-pipeline-executor","7"
"sinatra-chef-builder","12"
"singleuseslave","18"
"sitemonitor","556"
"skenai","9"
"skip-certificate-check","5218"
"skip-cron-rebuild","32"
"skip-notifications-trait","1232"
"skype-notifier","91"
"skytap","34"
"slack","31590"
"slack-uploader","1170"
"sladiator-notifier","1"
"slave-prerequisites","171"
"slave-proxy","143"
"slave-setup","1873"
"slave-squatter","87"
"slave-status","1491"
"slave-utilization-plugin","441"
"sloccount","1296"
"slsa","20"
"smalltest","3"
"smartfrog-plugin","9"
"smilehubnotifier","11"
"sms","89"
"sms-notification","3"
"snakeyaml-api","220481"
"snakeyaml-engine-api","37018"
"snowglobe","3"
"snsnotify","343"
"snyk-security-scanner","1894"
"soapui-pro-functional-testing","424"
"sofy-ai","8"
"solarized-theme","3111"
"sonar","43169"
"sonar-gerrit","1255"
"sonar-quality-gates","5645"
"sonargraph-integration","1405"
"sonargraph-plugin","333"
"sonarqube-generic-coverage","1056"
"sonatype-ci","6"
"sonic-ci-helper","54"
"soos-sca","5"
"sounds","219"
"sourcemonitor","61"
"speaks","5"
"split-admin","13"
"splunk-devops","2884"
"splunk-devops-extend","1756"
"spoonscript","1"
"spotinst","192"
"spring-config","58"
"spring-initalzr","92"
"sqlplus-script-runner","1343"
"sqlserver-api","329"
"squashtm-publisher","14"
"sra-deploy","16"
"srcclr-installer","15"
"sse-gateway","55071"
"ssh","25562"
"ssh-agent","58519"
"ssh-credentials","230412"
"ssh-slaves","203134"
"ssh-steps","20960"
"ssh2easy","4344"
"ssh2easy-plugin","5"
"sshd","149458"
"stackhammer","7"
"stackify-deployment-recorder","9"
"stackrox-container-image-scanner","63"
"starteam","27"
"started-by-envvar","294"
"startup-trigger-plugin","4877"
"stash-pullrequest-builder","810"
"stashNotifier","6217"
"statistics-gatherer","409"
"statusmonitor","691"
"statuspage-gating","1"
"stepcounter","228"
"stoplightio-report","13"
"storable-configs-plugin","30"
"strawboss","94"
"strict-crumb-issuer","6040"
"structs","231828"
"subversion","57835"
"suite-test-groups-publisher","5"
"summary_report","1248"
"sumologic-publisher","327"
"support-core","3844"
"suppress-stack-trace","92"
"svn-partial-release-mgr","324"
"svn-revert-plugin","611"
"svn-tag","344"
"svn-workspace-cleaner","1107"
"svncompat13","231"
"svncompat14","1568"
"svnmerge","439"
"swarm","5599"
"swarm-agents-cloud","20"
"sweagle","5"
"synergy","38"
"synopsys-coverity","982"
"synopsys-polaris","130"
"synopsys-security-scan","42"
"synopsys-sigma","5"
"sysdig-secure","128"
"syslog-logger","333"
"systemloadaverage-monitor","560"
"tag-profiler","17"
"talend","22"
"tanaguru","13"
"tap","1458"
"tasks","633"
"tattletale-plugin","14"
"tcl","8"
"team-views","92"
"teamconcert","698"
"teamconcert-git","113"
"teams-webhook-trigger","234"
"teamscale-upload","10"
"tekton-client","46"
"telegram-notifications","669"
"telerik-appbuilder-plugin","2"
"template-project","1273"
"template-workflows","299"
"templating-engine","1375"
"terminal","313"
"terminate-ssh-processes-plugin","625"
"terraform","3670"
"test-results-aggregator","1518"
"test-results-analyzer","6093"
"test-stability","848"
"testInProgress","490"
"testabilityexplorer","22"
"testcafe","98"
"testcomplete-xunit","352"
"testcomplete11-xunit","158"
"testdroid-run-in-cloud","22"
"testein","2"
"testflight","31"
"testflo-for-jira-test-management-automation","94"
"testingbot","74"
"testinium","1"
"testkube-cli","13"
"testlink","342"
"testng-plugin","5909"
"testopia","9"
"testproject","115"
"testquality-updater","27"
"testsigma","25"
"teststudio","4"
"teststudioapitesting","5"
"teststudiomobiletesting","2"
"testweaver","7"
"testwheel-trigger","1"
"text-file-operations","1644"
"text-finder","5851"
"text-finder-run-condition","1370"
"tfs","784"
"theme-manager","107135"
"themis","3"
"thinBackup","25180"
"thread-dump-action-plugin","18"
"threadfix","7"
"throttle-concurrents","18479"
"thucydides","202"
"thycotic-devops-secrets-vault","14"
"thycotic-secret-server","147"
"thycotic-vault","2"
"tibco-builder","15"
"tics","29"
"timestamper","202007"
"tinfoil-scan","11"
"tm4j-automation","461"
"tmpcleaner","308"
"token-macro","223777"
"tool-labels-plugin","100"
"toolenv","1033"
"trac","117"
"trac-publisher-plugin","30"
"tracking-git","304"
"tracking-svn","355"
"transifex","13"
"translation","7535"
"travis-yml","10"
"tricentis-ci","98"
"trilead-api","220231"
"tuleap-api","102"
"tuleap-git-branch-source","84"
"tuleap-oauth","33"
"tuxdroid","6"
"twitter","17"
"typetalk","7"
"ui-samples-plugin","79"
"ui-test-capture","59"
"uipath-automation-package","463"
"uithemes","8"
"uleska","3"
"unblocked","3"
"unicorn","28"
"unique-id","661"
"unity3d-plugin","1527"
"unleash","622"
"uno-choice","40847"
"unreliable-slave-plugin","22"
"update-sites-manager","1168"
"updatebot","9"
"updraft-publisher","8"
"upload-artifacts-to-nexus","3"
"upload-build-to-sofy","4"
"upload-pgyer","711"
"upstream-downstream-view","174"
"uptime","428"
"urbancode-velocity","35"
"url-auth","22"
"url-auth-sso","197"
"url-change-trigger","16"
"url-filter","86"
"urltrigger","1816"
"usemango-runner","5"
"utplsql","44"
"vaddy-plugin","5"
"vagrant","170"
"valgrind","513"
"valid-network","1"
"validating-email-parameter","231"
"validating-string-parameter","7290"
"validating-yaml-parameter","84"
"variables-replace-plugin","300"
"variant","212017"
"vault-scm-plugin","22"
"vboxwrapper","12"
"vdoo-vision","4"
"vectorcast-coverage","207"
"vectorcast-execution","178"
"venafi-codesigning","57"
"venafi-vcert","10"
"veracode-scan","1186"
"veracode-scanner","31"
"versioncolumn","3749"
"versionnumber","4334"
"vertx","1"
"vessel","1"
"viber-notification","6"
"view-cloner","270"
"view-job-filters","10046"
"view26","23"
"viewVC","294"
"views-containing-job","28"
"vigilnz-security","2"
"violation-columns","77"
"violation-comments-to-github","639"
"violation-comments-to-gitlab","1597"
"violation-comments-to-stash","639"
"violations","1495"
"virtualbox","146"
"visual-basic-6","68"
"visualexpert","7"
"visualworks-store","4"
"vmanager-plugin","70"
"vmware-vrealize-automation-plugin","31"
"vmware-vrealize-codestream","11"
"vmware-vrealize-orchestrator","25"
"vncrecorder","104"
"vncviewer","296"
"vrealize-automation-8","10"
"vs-code-metrics","293"
"vsphere-cloud","1569"
"vss","40"
"vstestrunner","1444"
"vsts-cd","245"
"vulnerability-vines-ai","3"
"wallarm-fast","12"
"walti","7"
"waptpro","3"
"warnings","1528"
"warnings-ng","18389"
"warrior","2"
"was-builder","184"
"wattspeed","2"
"wavefront","35"
"webhook-eventsource","121"
"webhook-secret-credentials-provider","24"
"webhook-step","2953"
"webload","17"
"weblogic-deployer-plugin","452"
"websocket","270"
"websocketin-notification","112"
"websphere-deployer","286"
"weibo","5"
"weibo4jenkins","2"
"wetest-automation","3"
"whitesource","213"
"wildfly-deployer","224"
"windocks-start-container","80"
"windows-azure-storage","1227"
"windows-cloud","371"
"windows-exe-runner","823"
"windows-slaves","43340"
"winrm-client","686"
"wix","111"
"wiz-scanner","133"
"workflow-aggregator","211020"
"workflow-api","230235"
"workflow-basic-steps","221512"
"workflow-cps","224024"
"workflow-cps-global-lib","57380"
"workflow-cps-global-lib-http","3344"
"workflow-durable-task-step","223001"
"workflow-job","225256"
"workflow-multibranch","220908"
"workflow-remote-loader","1691"
"workflow-scm-step","229711"
"workflow-step-api","231528"
"workflow-stm","5"
"workflow-support","229361"
"working-hours","153"
"workplace-notifier","14"
"worktile","63"
"writable-filesystem-monitor","4"
"ws-cleanup","200486"
"ws-ctm","4"
"ws-execution-manager","10"
"ws-ws-replacement","321"
"wsap","18"
"wso2id-oauth","9"
"wxwork-notification","515"
"xcode-plugin","3132"
"xcp-ci","10"
"xfpanel","218"
"xframe-filter-plugin","758"
"xlrelease-plugin","181"
"xlrelease-var-setter","29"
"xltest-plugin","1"
"xltestview-plugin","3"
"xml-job-to-job-dsl","2110"
"xooa","1"
"xpath-config-viewer","26"
"xpdev","1"
"xray-connector","1685"
"xshell","646"
"xtrigger","55"
"xtrigger-api","3135"
"xunit","11755"
"xvfb","3845"
"xvnc","961"
"yaml-axis","177"
"yaml-project","1"
"yammer","6"
"yandex-cloud-workers","16"
"yandex-metrica","3"
"yet-another-build-visualizer","1568"
"yet-another-docker-plugin","905"
"youtrack-plugin","51"
"zadviser-pipeline-analysis","3"
"zanata","19"
"zap","760"
"zap-pipeline","503"
"zapper","600"
"zaproxy","14"
"zaproxy-jenkins","1"
"zdevops","20"
"zentimestamp","1905"
"zephyr-enterprise-test-management","215"
"zephyr-for-jira-test-management","104"
"zmq-event-publisher","34"
"zohoqengine","10"
"zohosprints","26"
"zoom","134"
"zos-connector","80"
"zscaler-iac-scan","4"
"zscan-upload","2"
"zulip","127"
