"AntepediaReporter-CI-plugin","1"
"DotCi-Fig-template","1"
"akeyless","1"
"alauda-devops-sync","1"
"application-director-plugin","1"
"appray","1"
"apprenda","1"
"bart","1"
"buddycloud","1"
"campfire","1"
"cloudaeye","1"
"cloudbees-registration","1"
"cons3rt","1"
"curseforge-publisher","1"
"deepcrawl-test","1"
"drools","1"
"googlecode","1"
"hall-jenkins","1"
"hello-world","1"
"help-editor","1"
"icedq","1"
"icon-shim-plugin","1"
"incapptic-connect-uploader","1"
"indusface-was","1"
"ironmq-notifier","1"
"kato","1"
"lingr-plugin","1"
"literate","1"
"microdocs-integration","1"
"mogotest","1"
"openscada-jenkins-exporter","1"
"ostorlab","1"
"perfectomobile-jenkins","1"
"quali-torque","1"
"radargun-reporting","1"
"reliza-integration","1"
"reviewboard","1"
"scm-branch-pr-filter","1"
"sladiator-notifier","1"
"spoonscript","1"
"tepco-epuw","1"
"testinium","1"
"vagrant-plugin","1"
"valid-network","1"
"vessel","1"
"wwpass-plugin","1"
"xframium","1"
"xltest-plugin","1"
"xooa","1"
"xpdev","1"
"xygeni-sensor","1"
"yaml-project","1"
"TestResultsAnalyzer","2"
"autonomiq","2"
"blitz_io-jenkins","2"
"chaos-monkey","2"
"cifs","2"
"devstack","2"
"dlisting-cov","2"
"essentials","2"
"first-plugin","2"
"foreman-node-sharing","2"
"habitat","2"
"hckrnews","2"
"ikachan","2"
"immuniweb","2"
"jbehave-hudson-plugin","2"
"jenkins-leiningen","2"
"jetbrains-space","2"
"jobcacher-oras-storage","2"
"json-parameter","2"
"liverebel-deploy","2"
"loadmance","2"
"nodeofflinenotification","2"
"non-dynamic-hello-world","2"
"nouvola-divecloud","2"
"oak9","2"
"paaslane-estimate","2"
"paranoia","2"
"radargun","2"
"sensedia-api-platform","2"
"smalltest","2"
"teststudiomobiletesting","2"
"vertx","2"
"warrior","2"
"wattspeed","2"
"weibo4jenkins","2"
"workflow-stm","2"
"zaproxy-jenkins","2"
"zscaler-iac-scan","2"
"ColumnPack-plugin","3"
"apimap","3"
"appthwack","3"
"bevigil-ci","3"
"build-requester","3"
"carl","3"
"create-fingerprint-plugin","3"
"datadog-build-reporter","3"
"delta-cloud","3"
"discobit-autoconfig","3"
"easyqa","3"
"elOyente","3"
"flexteam","3"
"gitorious","3"
"gprbuild","3"
"horreum","3"
"humio","3"
"ibm-continuous-release","3"
"itms-for-jira","3"
"jenkins-tracker","3"
"jenkinspider","3"
"jsgames","3"
"levo","3"
"loadcomplete","3"
"matomo-analytics","3"
"mergebase-sca","3"
"otabuilder","3"
"oversecured","3"
"rally-update-plugin-1","3"
"refit","3"
"rpi-build-status","3"
"secone-sca-sast-security-scanner","3"
"sweagle","3"
"testein","3"
"themis","3"
"upload-artifacts-to-nexus","3"
"upload-build-to-sofy","3"
"wetest-automation","3"
"yandex-metrica","3"
"amqp-build-trigger","4"
"appdome-validate-2secure","4"
"aribot","4"
"asakusa-satellite-plugin","4"
"autify","4"
"aws-java-sdk2-api-gateway","4"
"breachlock-dast","4"
"build-configurator","4"
"ca-mat-performance-benchmarking-by-broadcom","4"
"cachet-gating","4"
"caliper-ci","4"
"catalogic-ecx","4"
"cdevents","4"
"cloudcoreo-deploytime","4"
"compuware-zadviser-api","4"
"darcs","4"
"eagle-tester","4"
"elastest","4"
"event-announcer","4"
"finite-state-binary-scan","4"
"gamekins","4"
"global-pipeline-parameters","4"
"heroku-jenkins-plugin","4"
"hipchat-plugin","4"
"javanet","4"
"jianliao","4"
"loadium","4"
"lsf-cloud","4"
"nerrvana-plugin","4"
"notifo","4"
"openstack-heat","4"
"oslc-cm","4"
"preflight-integration","4"
"queueredirector","4"
"rtc","4"
"sideex","4"
"signpath","4"
"simplifyqa-pipeline-executor","4"
"snowglobe","4"
"telerik-appbuilder-plugin","4"
"uleska","4"
"waptpro","4"
"writable-filesystem-monitor","4"
"CFLint","5"
"GatekeeperPlugin","5"
"ascentialtest-cmd-line","5"
"binary-deployer","5"
"cloudbees-deployer-plugin","5"
"compuware-topaz-for-enterprise-data","5"
"container-image-link","5"
"deadmanssnitch","5"
"dockerhub","5"
"finite-state-third-party-upload","5"
"headspin","5"
"ibmi-steps","5"
"icescrum","5"
"in-toto","5"
"jmeter","5"
"kryptowire","5"
"kubernetes-ephemeral-container","5"
"log-flow-visualizer","5"
"lotus-connections-plugin","5"
"nord-theme","5"
"rusalad-plugin","5"
"sdelements","5"
"security-no-captcha","5"
"simplify-qa-connector","5"
"sms-notification","5"
"soos-sca","5"
"speaks","5"
"testweaver","5"
"thycotic-vault","5"
"typetalk","5"
"usemango-runner","5"
"vaddy-plugin","5"
"visualworks-store","5"
"weibo","5"
"xltestview-plugin","5"
"appcircle-enterprise-store","6"
"bmc-cfa","6"
"codeclimate-plugin","6"
"compuware-strobe-measurement","6"
"couchdb-statistics","6"
"datical-db-plugin","6"
"girls","6"
"git-version-monitor","6"
"graphql-server","6"
"monkit-plugin","6"
"peass-ci","6"
"pureload","6"
"stackhammer","6"
"suite-test-groups-publisher","6"
"threadfix","6"
"zohoqengine","6"
"SBuild","7"
"alauda-devops-pipeline","7"
"appknox-scanner","7"
"beaker-builder","7"
"build-health-cache-updater","7"
"cas1","7"
"codescan","7"
"conflict-aware-ondemand-strategy","7"
"description-column","7"
"hudson-startup-trigger","7"
"jenkins-infra-test","7"
"jenkinswalldisplay-pom","7"
"loadrunner","7"
"nis-notification-lamp","7"
"onesky","7"
"packageversion","7"
"poll-mailbox-trigger","7"
"redhat-codeready-dependency-analysis","7"
"silk-performer-plugin","7"
"tcl","7"
"tuxdroid","7"
"vdoo-vision","7"
"visualexpert","7"
"appcircle-testing-distribution","8"
"boot-clj","8"
"carbonetes-serverless-container-scanning-and-policy-compliance","8"
"deveo","8"
"itest","8"
"jabber-server-plugin","8"
"jbpm-embedded-plugin","8"
"jspecify-api","8"
"loaderio-jenkins-plugin","8"
"metrics-ganglia","8"
"pipeline-cps-oras","8"
"pipeline-editor","8"
"qualityclouds","8"
"r7insight-log-forwarder","8"
"railflow-testrail","8"
"screenrecorder","8"
"secone-security","8"
"shutdown-queue","8"
"smartfrog-plugin","8"
"ssh2easy-plugin","8"
"stackify-deployment-recorder","8"
"uithemes","8"
"updraft-publisher","8"
"yammer","8"
"HiddenParameter","9"
"absint-a3","9"
"argus-notifier","9"
"blackduck-installer","9"
"buildcoin-plugin","9"
"cloudbees-enterprise-plugins","9"
"collabnet-uc4-deploy","9"
"extensivetesting","9"
"hadoop","9"
"huaweicloud-ecs","9"
"inedo-buildmaster","9"
"jacked","9"
"jdcloud-codedeploy","9"
"jprt","9"
"nutanix-calm","9"
"testkube-cli","9"
"teststudioapitesting","9"
"viber-notification","9"
"walti","9"
"ws-ctm","9"
"DotCi-InstallPackages","10"
"arestocats","10"
"artifactz","10"
"aws-java-sdk2-logs","10"
"build-executors-filter-offline","10"
"cloudbees-disk-usage-simple-plugin","10"
"codethreat-scanner","10"
"exam","10"
"experitest-cloud","10"
"fogbugz","10"
"google-analyze-code-security","10"
"hpe-network-virtualization","10"
"humbug","10"
"mdt-deployment","10"
"p4sa","10"
"perl-smoke-test","10"
"split-admin","10"
"synopsys-sigma","10"
"teststudio","10"
"updatebot","10"
"venafi-vcert","10"
"vrealize-automation-8","10"
"alibabacloud-pkg-deployment","11"
"appdome-build-2secure","11"
"aws-java-sdk2-sso","11"
"cavisson-ns-nd-integration","11"
"cloudhub-deployer","11"
"cmvc","11"
"copr","11"
"environment-variables-status-sync","11"
"hudson-logaction-plugin","11"
"hugo","11"
"icq-notification","11"
"imagecomparison","11"
"japex","11"
"koji","11"
"opslevel","11"
"oras-java-api","11"
"qualys-api-security","11"
"sahagin","11"
"sinatra-chef-builder","11"
"skenai","11"
"sofy-ai","11"
"testopia","11"
"ApicaLoadtest","12"
"alibabacloud-edas","12"
"bigpanda-jenkins","12"
"cerberus-testing","12"
"cppunit","12"
"failedJobDeactivator","12"
"javanet-uploader","12"
"karaf-build-step","12"
"node-sharing-orchestrator","12"
"osf-builder-suite-xml-linter","12"
"qrebel","12"
"quayio-trigger","12"
"reactor-plugin","12"
"simpleupdatesite","12"
"url-change-trigger","12"
"xcp-ci","12"
"ci-with-toad-edge","13"
"cloudguard-shiftleft","13"
"config-rotator","13"
"embotics-vcommander","13"
"lacework-security-scanner","13"
"metadefender","13"
"mock-load-builder","13"
"package-drone","13"
"relution-publisher","13"
"reqtify","13"
"rigor-optimization","13"
"schedule-build-plugin","13"
"smilehubnotifier","13"
"sonatype-ci","13"
"tanaguru","13"
"tinfoil-scan","13"
"transifex","13"
"wso2id-oauth","13"
"absint-astree","14"
"apifortress","14"
"azure-slave-plugin","14"
"collabnet-automic-deploy","14"
"deployhub","14"
"external-scheduler","14"
"klaros-testmanagement","14"
"loadfocus-loadtest","14"
"logentries","14"
"report-generic-chart-column","14"
"tattletale-plugin","14"
"travis-yml","14"
"ws-execution-manager","14"
"beagle-security","15"
"blink1","15"
"clif-performance-testing","15"
"ctrf-json","15"
"externalresource-dispatcher","15"
"flexdeploy","15"
"helix-alm-test-management","15"
"itms-junit-report-publisher","15"
"jx-resources","15"
"markdown-params","15"
"packagecloud","15"
"sematext","15"
"sra-deploy","15"
"tibco-builder","15"
"vboxwrapper","15"
"admin-params","16"
"alauda-pipeline","16"
"bitkeeper","16"
"deploy-integrationserver","16"
"eggplant-plugin","16"
"export-job-parameters","16"
"gcr-scanner","16"
"icn-plugin-loader","16"
"oracle-cloud-infrastructure-compute-classic","16"
"overops-query","16"
"send-stacktrace-to-eclipse-plugin","16"
"workplace-notifier","16"
"wsap","16"
"appio","17"
"azure-iot-edge","17"
"blueocean-analytics-tools","17"
"ease-plugin","17"
"job-strongauth-simple","17"
"portscanner","17"
"srcclr-installer","17"
"vmware-vrealize-codestream","17"
"zdevops","17"
"assembla","18"
"forticwp-cicd","18"
"hyper-slaves","18"
"jenkins-testswarm-plugin","18"
"postgresql-fingerprint-storage","18"
"qualys-iac-security","18"
"statuspage-gating","18"
"zaproxy","18"
"zohosprints","18"
"ca-apm","19"
"comments-remover","19"
"daily-quote","19"
"drupal-developer","19"
"elasticbox","19"
"nopmdverifytrac","19"
"compuware-scm-downloader","20"
"digicert-software-trust-gpg-sign","20"
"dotcommonitor-loadview","20"
"ontrack","20"
"people-redirector","20"
"perfecto","20"
"pipeline-reporter-by-redpen","20"
"plasticscm-mergebot","20"
"random-job-builder","20"
"report-diff","20"
"sealights","20"
"squashtm-publisher","20"
"thycotic-devops-secrets-vault","20"
"twitter","20"
"wallarm-fast","20"
"black-duck-sigma","21"
"cloudevents","21"
"dagshub-branch-source","21"
"eiffel-broadcaster","21"
"flashlog-plugin","21"
"helix-teamhub","21"
"jobcacher-azure-storage","21"
"secret","21"
"slsa","21"
"stoplightio-report","21"
"webload","21"
"harvest","22"
"link-column","22"
"meliora-testlab","22"
"nuclei","22"
"perfectomobile","22"
"rapiddeploy-jenkins","22"
"tag-profiler","22"
"attention","23"
"cloudify","23"
"compuware-xpediter-code-coverage","23"
"jenkins-tag-cloud-plugin","23"
"jslint-checkstyle","23"
"policycenter-gate-validator","23"
"portshift-scanner","23"
"pry","23"
"rallyBuild","23"
"remoting-security-workaround","23"
"sametime","23"
"singleuseslave","23"
"yandex-cloud-workers","23"
"SCTMExecutor","24"
"azure-cosmosdb","24"
"compuware-ispw-operations","24"
"hp-operations-orchestration-automation-execution-plugin","24"
"ibm-application-security","24"
"loadimpact-plugin","24"
"misra-compliance-report-generator","24"
"pvcs_scm","24"
"rrod","24"
"sasunit-plugin","24"
"vault-scm-plugin","24"
"browser-axis-plugin","25"
"loadninja","25"
"netdomain-labeler","25"
"pragprog","25"
"app-detector","26"
"rhnpush-plugin","26"
"unicorn","26"
"continuum","27"
"deepsecurity-smartcheck","27"
"extreme-feedback","27"
"rqm-plugin","27"
"shortcut-job","27"
"tics","27"
"url-auth","27"
"ci-with-toad-devops-toolkit","28"
"ibm-cloud-devops","28"
"labmanager","28"
"open-stf","28"
"pangolin-testrail-connector","28"
"piketec-tpt","28"
"pipeline-cloudwatch-logs","28"
"propelo-job-reporter","28"
"AdaptivePlugin","29"
"aqua-serverless","29"
"casdoor-auth","29"
"diawi-upload","29"
"jbpm-workflow-plugin","29"
"mend-cloud-native-security-scanner","29"
"parallels-desktop","29"
"rancher","29"
"talend","29"
"testabilityexplorer","29"
"unreliable-slave-plugin","29"
"xpath-config-viewer","29"
"copyarchiver","30"
"eggplant-runner","30"
"ipmessenger-plugin","30"
"machine-learning","30"
"nodepool-agents","30"
"nopmdcheck","30"
"openedge","30"
"partyparrotstatus","30"
"skip-cron-rebuild","30"
"testdroid-run-in-cloud","30"
"views-containing-job","30"
"vmware-vrealize-orchestrator","30"
"adaptive-disconnector","31"
"alauda-devops-credentials-provider","31"
"azure-dev-spaces","31"
"bumblebee","31"
"deploydb","31"
"gallio","31"
"ifttt-build-notifier","31"
"kanboard","31"
"metrics-aggregation","31"
"probely-security","31"
"safe-batch-environment-filter","31"
"wiz-scanner","31"
"aws-java-sdk2-kinesis","32"
"delphix","32"
"hue-light","32"
"jucies","32"
"simple-travis-runner","32"
"thread-dump-action-plugin","32"
"view26","32"
"abap-ci","33"
"arachni-scanner","33"
"azure-event-grid-notifier","33"
"codescene","33"
"dimensionsscm","33"
"eclipse-update-site","33"
"fast-track","33"
"gcm-notification","33"
"kmap-jenkins","33"
"script-scm","33"
"testquality-updater","33"
"xlrelease-var-setter","33"
"zanata","33"
"assembla-auth","34"
"bmc-rpd","34"
"codebeamer-result-trend-updater","34"
"extension-filter","34"
"housekeeper","34"
"instana","34"
"rb","34"
"codescanner","35"
"compuware-topaz-utilities","35"
"crittercism-dsym","35"
"database-mariadb","35"
"rad-builder","35"
"s3-jobcacher-storage","35"
"signal-killer","35"
"starteam","35"
"anka-build","36"
"bearychat","36"
"build-node-column","36"
"clearcase-release","36"
"cloudbees-feature-management","36"
"ecu-test-execution","36"
"emotional-hudson","36"
"octoperf","36"
"perl","36"
"puppet-enterprise-pipeline","36"
"testsigma","36"
"compuware-topaz-for-total-test","37"
"concordionpresenter","37"
"defensics","37"
"deployment-sphere","37"
"distTest","37"
"huaweicloud-credentials","37"
"osf-builder-suite-for-sfcc-run-job","37"
"trac-publisher-plugin","37"
"accelq-ci-connect","38"
"bazaar","38"
"codebeamer-coverage-publisher","38"
"provar-automation","38"
"remote-result-trigger","38"
"testflight","38"
"appetize","39"
"google-cloud-health-check","39"
"mariadb-api","39"
"mdtool","39"
"pipeline-giphy-api","39"
"pipeline-project-env","39"
"teamscale-upload","39"
"aws-java-sdk2-sqs","40"
"flock","40"
"gem-publisher","40"
"inflectra-spira-integration","40"
"m2-extra-steps","40"
"redis-notifier","40"
"schedule-failed-builds","40"
"vmware-vrealize-automation-plugin","40"
"async-job","41"
"chef-tracking","41"
"deploygate-plugin","41"
"fortify360","41"
"keep-slave-disconnected","41"
"tuleap-oauth","41"
"aws-java-sdk2-organizations","42"
"concurrent-login-plugin","42"
"debian-pbuilder","42"
"growl","42"
"locked-files-report","42"
"aws-beanstalk-releaser","43"
"benchmark-evaluator","43"
"catlight","43"
"chef","43"
"cloudshell-sandbox","43"
"exclusive-label-plugin","43"
"gating-core","43"
"paginated-builds","43"
"urbancode-velocity","43"
"google-analytics-usage-reporter","44"
"issue-link","44"
"logback-nats-appender","44"
"restricted-register","44"
"storable-configs-plugin","44"
"synergy","44"
"DotCi-DockerPublish","45"
"cluster-stats","45"
"device-watcher","45"
"drecycler","45"
"generic-environment-filters","45"
"redhat-dependency-analytics","45"
"veracode-scanner","45"
"aws-java-sdk2-apigateway","46"
"aws-java-sdk2-efs","46"
"aws-java-sdk2-elasticloadbalancingv2","46"
"chef-cookbook-pipeline","46"
"fortify-cloudscan-jenkins-plugin","46"
"leiningen-plugin","46"
"recipe","46"
"results-cache","46"
"aws-java-sdk2-elasticbeanstalk","47"
"codefresh","47"
"one-shot-executor","47"
"scm-httpclient","47"
"zmq-event-publisher","47"
"aws-java-sdk2-codebuild","48"
"buckminster","48"
"environment-manager","48"
"TwilioNotifier","49"
"cloudbees-plugin-gateway","49"
"nirmata","49"
"aws-java-sdk2-cloudwatch","50"
"clearcase-ucm-baseline","50"
"copado","50"
"emmacoveragecolumn","50"
"vss","50"
"ColumnsPlugin","51"
"associated-files","51"
"redis-fingerprint-storage","51"
"rubymotion","51"
"wavefront","51"
"alauda-kubernetes-support","52"
"aws-java-sdk2-codedeploy","52"
"build-flow-test-aggregator","52"
"compressed_files_viewer","52"
"cvs-tag","52"
"gitcolony-plugin","52"
"jshint-checkstyle","52"
"neuro-cucumber","52"
"play-autotest-plugin","52"
"scm-filter-jervis","52"
"ci-skip","53"
"diagnostics","53"
"inedo-proget","53"
"kubesphere-token-auth","53"
"osf-builder-suite-for-sfcc-data-import","53"
"chrome-frame-plugin","54"
"dotcoverrunner","54"
"youtrack-plugin","54"
"codebeamer-xunit-uploader","55"
"crowdstrike-security","55"
"groovyaxis","55"
"skytap","55"
"assembla-merge-request-builder","56"
"mysql-job-databases","56"
"persistent-build-queue-plugin","56"
"pipeline-classpath","56"
"qiniu","56"
"salesforce-migration-assistant-plugin","56"
"aws-java-sdk2-sns","57"
"cisco-spark","57"
"dbCharts","57"
"utplsql","57"
"Surround-SCM-plugin","58"
"aws-java-sdk2-autoscaling","58"
"brakeman","58"
"codedx","58"
"runscope","58"
"aws-java-sdk2-lambda","59"
"infisical","59"
"performance-signature-dynatrace","60"
"setenv","60"
"sonic-ci-helper","60"
"aws-java-sdk2-cloudwatchlogs","61"
"build-line","61"
"implied-labels","61"
"qualys-pc","61"
"tekton-client","61"
"agent-loadbalance","62"
"aws-java-sdk2-cloudfront","62"
"depbuilder","62"
"logaction-plugin","62"
"requests","62"
"aws-java-sdk2-cloudformation","63"
"environment-variable-page-decoration","63"
"minio-storage","63"
"pipeline-huaweicloud-plugin","63"
"worktile","64"
"aws-java-sdk2-ssm","65"
"memegen","65"
"monitor-remote-job","65"
"remoting-kafka","65"
"synopsys-security-scan","65"
"venafi-codesigning","65"
"console-navigation","66"
"dumpinfo-buildwrapper-plugin","66"
"adobe-cloud-manager","67"
"build-flow-toolbox-plugin","67"
"coding-webhook","67"
"matrix-communication","67"
"myst-plugin","67"
"aws-java-sdk2-iam","68"
"codebeamer-xunit-importer","68"
"scis-ad","68"
"ui-test-capture","68"
"xtrigger","68"
"mentor-questa-vrm","69"
"TestFairy","70"
"better-pipeline-flowgraph-table","70"
"defectdojo","70"
"drmemory-plugin","70"
"mabl-integration","70"
"mktmpio","70"
"cloudbees-devoptics-enabler","71"
"database-drizzle","71"
"dbforge-devops-automation-for-sqlserver","71"
"google-git-notes-publisher","71"
"mongodb-document-upload","71"
"shared-library-version-override","71"
"visual-basic-6","71"
"SSSCM","72"
"clang-scanbuild-plugin","72"
"cron-shelve","72"
"googleanalytics","72"
"applitools-eyes","73"
"bds-plugin","73"
"gerrit","73"
"pom2config","73"
"validating-yaml-parameter","73"
"computer-queue-plugin","74"
"installshield","74"
"ios-device-connector","74"
"log-cli","74"
"piwikanalytics","74"
"report-jtreg","74"
"simpleclearcase","74"
"azure-batch-parallel","75"
"design-library","75"
"jwt-support","75"
"hyper-build-step","76"
"jenkinsci-appspider-plugin","76"
"assertthat-bdd-jira","77"
"aws-java-sdk2-secretsmanager","77"
"qmetry-test-management","77"
"aws-sqs","78"
"build-flow-extensions-plugin","78"
"keepSlaveOffline","78"
"maintenance-jobs-scheduler","78"
"excludeMatrixParent","79"
"hp-quality-center","79"
"stackrox-container-image-scanner","79"
"zos-connector","79"
"DotCi","80"
"aws-batch","80"
"cygwin-process-killer","80"
"github-sqs-plugin","80"
"qualys-vm","80"
"bugzilla","81"
"catppuccin-theme","81"
"pathignore","81"
"spring-config","81"
"chosen-views-tabbar","82"
"compuware-common-configuration","82"
"crowd","82"
"doktor","82"
"jcaptcha-plugin","82"
"jobcacher-artifactory-storage","82"
"service-fabric","82"
"btc-embeddedplatform","83"
"persona","83"
"puppet","83"
"scm-sqs","83"
"aws-java-sdk2-ecs","84"
"osf-builder-suite-for-sfcc-deploy","84"
"sourcemonitor","84"
"android-apk-size-watcher","85"
"ec2-cloud-axis","85"
"ecutest","85"
"elasticsearch-query","85"
"google-admin-sdk","85"
"oki-docki","85"
"performance-signature-viewer","85"
"plain-text-console-link","85"
"rally-plugin","85"
"composer-security-checker","86"
"mqtt-notification-plugin","86"
"nsiqcollector","86"
"alibabacloud-ecs","87"
"clearcase-ucm-api","87"
"phabricator-k8s","87"
"scripted-cloud-plugin","88"
"collabnet","89"
"coverage-badges-extension","89"
"neuvector-vulnerability-scanner","89"
"performance-signature-dynatracesaas","89"
"url-filter","89"
"aws-yum-parameter","90"
"beer","90"
"kubernetes-ci","90"
"ui-samples-plugin","90"
"blackduck-hub","91"
"keeper-secrets-manager","91"
"hetzner-cloud","92"
"jna-posix-api","92"
"qc","92"
"qmetry-for-jira-test-management","93"
"search-all-results-plugin","93"
"autocomplete-parameter","94"
"escaped-markup-plugin","94"
"remoting-opentelemetry","94"
"scala-junit-name-decoder","94"
"chosen","95"
"dynatrace-dashboard","95"
"jsm-alert","95"
"amazon-inspector-image-scanner","96"
"cloudshare-docker","96"
"cloudtest","96"
"enhanced-credentials","96"
"llvm-cov","96"
"nowsecure-auto-security-test","96"
"windocks-start-container","96"
"ghost-inspector","97"
"extended-timer-trigger","98"
"fluentd","98"
"internetmeme","98"
"osf-builder-suite-for-sfcc-credentials","98"
"jigomerge","99"
"node-sharing-executor","99"
"testingbot","99"
"tuleap-git-branch-source","99"
"chroot","100"
"gnat","100"
"mailmap-resolver","100"
"conventional-commits","101"
"cortex-metrics","101"
"mantis","101"
"slave-squatter","101"
"google-api-client-plugin","102"
"offlineonfailure-plugin","102"
"rapid7-insightvm-container-assessment","102"
"testflo-for-jira-test-management-automation","102"
"vmanager-plugin","102"
"azure-publishersettings-credentials","103"
"datatheorem-mobile-app-security","103"
"lifx-notifier","103"
"r","103"
"violation-columns","103"
"ezwall","104"
"fabric-beta-publisher","104"
"javatest-report","104"
"CustomHistory","105"
"git-bisect","105"
"acunetix-360-scan","106"
"benchmark","106"
"cpptest","106"
"protecode-sc","106"
"html-audio-notifier","107"
"ibm-security-appscansource-scanner","107"
"agent-maintenance","108"
"environment-filter-utils","108"
"global-yaml-properties","108"
"jmh-report","108"
"jms-messaging","108"
"spring-initalzr","108"
"appaloosa-plugin","109"
"ca-service-virtualization","109"
"ecs-publisher","109"
"figlet-buildstep","109"
"feature-branch-notifier","110"
"gcal","110"
"testcafe","110"
"autoaction-step","111"
"mttr","111"
"autocancel","112"
"clearcase-ucm-plugin","112"
"database-h2","112"
"hyper-commons","113"
"labeled-test-groups-publisher","114"
"skype-notifier","114"
"suppress-stack-trace","114"
"generic-tool","115"
"selection-tasks-plugin","115"
"aws-java-sdk-sts","116"
"behave-testresults-publisher","116"
"crx-content-package-deployer","116"
"git-notes","116"
"blackduck-coverity-on-polaris","117"
"azure-kubernetes-credentials","118"
"buildcontext-capture","118"
"chatter-notifier","118"
"livescreenshot","119"
"sms","119"
"jenkins-reviewbot","120"
"jswidgets","120"
"marathon","120"
"tuleap-api","120"
"accurev","121"
"crossbrowsertesting","122"
"enhanced-metrics","122"
"aws-java-sdk-s3","123"
"google-deployment-manager","123"
"aws-java-sdk-kms","124"
"ftp-rename","124"
"kubernetes-pipeline-aggregator","124"
"kubernetes-pipeline-arquillian-steps","124"
"chaos-butler","125"
"tool-labels-plugin","126"
"compound-slaves","127"
"inodes-monitor","127"
"monitor-pro","127"
"pending-changes","127"
"log-command","128"
"mcp-server","128"
"strawboss","128"
"websocketin-notification","128"
"azure-vmss","129"
"ivy-report","129"
"vncrecorder","129"
"aws-java-sdk-jmespath","130"
"gcp-java-sdk-storage","130"
"jobrequeue","130"
"chartjs-api","131"
"lambda-test-runner","131"
"php-builtin-web-server","132"
"pipeline-gcp","132"
"rbenv","132"
"agent-server-parameter","133"
"leapwork","133"
"oes-template","133"
"reportportal","133"
"consul","134"
"mixing-security-realm","134"
"mock-security-realm","134"
"team-views","134"
"clamav","135"
"phoenix-autotest","135"
"aws-java-sdk-core","136"
"teamconcert-git","136"
"tricentis-ci","136"
"ibm-security-appscanstandard-scanner","137"
"openshift-deployer","137"
"redmine-metrics-report","137"
"zulip","137"
"cloudbees-enabler","138"
"list-command","138"
"sysdig-secure","138"
"zephyr-for-jira-test-management","140"
"aqua-microscanner","141"
"capitomcat","141"
"dependency-queue-plugin","141"
"dumpling","141"
"digicert-software-trust-code-sign","142"
"wix","142"
"pipeline-keep-running-step","143"
"scons","143"
"sicci_for_xcode","143"
"fireline","144"
"mongodb","144"
"mathworks-polyspace","145"
"codeql","146"
"polarion","146"
"datetime-constraint","147"
"qftest","147"
"s3explorer","147"
"php","148"
"sidebar-update-notification","148"
"zoom","148"
"kafkalogs","149"
"proc-cleaner-plugin","149"
"multibranch-job-tear-down","151"
"redgate-sql-ci","152"
"trac","152"
"commit-message-trigger-plugin","153"
"alibabacloud-credentials","154"
"pipeline-bamboo","154"
"synopsys-polaris","154"
"testproject","154"
"kiuwanJenkinsPlugin","156"
"add-changes-to-build-changelog","157"
"graphiteIntegrator","157"
"openshift-k8s-credentials","157"
"prisma-cloud-iac-scan","157"
"form-element-path","158"
"label-verifier","158"
"google-cloud-backup","159"
"hockeyapp","159"
"acunetix","160"
"opencover","160"
"codebuilder-cloud","161"
"csp","161"
"grails","161"
"webhook-eventsource","161"
"integrity-plugin","163"
"jobdelete-builder","163"
"aio-tests","165"
"aws-cloudwatch-logs-publisher","165"
"codebuild-cloud","165"
"database-sqlite","166"
"codecover","167"
"rabbitmq-publisher","167"
"working-hours","167"
"compatibility-action-storage","169"
"git-automerger","169"
"pipeline-keepenv-step","169"
"blackduck-security-scan","170"
"gcp-java-sdk-auth","170"
"performance-signature-ui","170"
"block-build-final-project","171"
"micro-focus-performance-center-integration","171"
"servicenow-cicd","172"
"environment-labels-setter","173"
"opentelemetry-agent-metrics","173"
"oracle-cloud-infrastructure-devops","173"
"qualys-cs","173"
"security-inspector","177"
"virtualbox","178"
"multi-branch-priority-sorter","179"
"artifact-repository-parameter","180"
"github-release","181"
"delete-log-plugin","182"
"thycotic-secret-server","182"
"remote-jobs-view-plugin","184"
"ircbot","185"
"onepassword-secrets","186"
"eks-token","189"
"mock-slave","189"
"neoload-jenkins-plugin","190"
"cccc","191"
"advanced-installer-msi-builder","192"
"gitblit","192"
"jobtemplates","192"
"osf-builder-suite-standalone-sonar-linter","192"
"script-realm","192"
"yaml-axis","192"
"selenium-aes","193"
"deploy-dashboard","194"
"multi-module-tests-publisher","195"
"vagrant","195"
"additional-identities-plugin","196"
"junit-sql-storage","196"
"numeraljs","196"
"secure-post-script","196"
"buildrotator","197"
"no-agent-job-purge","197"
"lastfailureversioncolumn","198"
"genexus","199"
"slave-proxy","199"
"contrast-continuous-application-security","200"
"xlrelease-plugin","200"
"dtkit","203"
"debian-package-builder","204"
"block-same-builds","205"
"proxmox","205"
"config-driven-pipeline","206"
"package-parameter","206"
"slave-prerequisites","208"
"manage-permission","209"
"platformlabeler","210"
"libvirt-slave","211"
"avatar","212"
"rabbitmq-build-trigger","212"
"regression-report-plugin","212"
"aws-sqs-trigger","213"
"insightappsec","213"
"testcomplete11-xunit","217"
"chatwork","218"
"upstream-downstream-view","218"
"gitea-pat-kubernetes-credentials","220"
"github-coverage-reporter","220"
"periodic-reincarnation","220"
"was-builder","220"
"audit2db","221"
"electricflow","221"
"job-direct-mail","221"
"cucumber","222"
"jboss","222"
"azure-acs","223"
"chef-identity","223"
"coordinator","223"
"digitalocean-plugin","223"
"loadrunner-cloud","223"
"publish-over-dropbox","223"
"metadata","224"
"network-monitor","224"
"cli-commander","225"
"parameter-pool","225"
"vectorcast-execution","225"
"bootstrap","228"
"pull-request-monitoring","229"
"selenium-axis","230"
"BlameSubversion","231"
"jsunit","231"
"jwt-auth","233"
"ci-game","236"
"backlog","237"
"keyboard-shortcuts-plugin","237"
"thucydides","237"
"azure-function","238"
"jython","238"
"gitflow","240"
"BlazeMeterJenkinsPlugin","241"
"dos-trigger","242"
"build-alias-setter","244"
"commons-lang-api","244"
"devops-portal","245"
"generic-event","245"
"loadfocus-jmeter-load-testing-integration","245"
"mailcommander","245"
"crap4j","246"
"validating-email-parameter","246"
"artifact-diff-plugin","247"
"semantic-versioning-plugin","247"
"google-cloudbuild","248"
"influxdb-query","248"
"jenkins-flowdock-plugin","248"
"muuri-api","249"
"nested-data-reporting","250"
"project-health-report","250"
"jackson-databind","251"
"selected-tests-executor","253"
"servicenow-devops","253"
"short-workspace-path","253"
"grypescanner","254"
"prqa-plugin","254"
"scripttrigger","255"
"xfpanel","255"
"appdynamics-dashboard","256"
"lastsuccessversioncolumn","256"
"Matrix-sorter-plugin","257"
"zephyr-enterprise-test-management","257"
"memory-map","258"
"pyenv","258"
"url-auth-sso","259"
"aws-lambda-cloud","260"
"lenientshutdown","261"
"ranorex-integration","261"
"vectorcast-coverage","261"
"sounds","264"
"42crunch-security-audit","265"
"metrics-datadog","265"
"metrics-graphite","265"
"pipeline-gitstatuswrapper","265"
"teams-webhook-trigger","265"
"aws-sam","266"
"spotinst","266"
"jslint","267"
"pitmutation","271"
"jx-pipelines","273"
"nomad","273"
"jobtag","275"
"wildfly-deployer","275"
"lambdatest-automation","276"
"svncompat13","277"
"github-scm-filter-jira-validator","279"
"json-editor-parameter","279"
"NegotiateSSO","280"
"deployer-framework","280"
"hubot-steps","281"
"mq-notifier","282"
"macstadium-orka","283"
"seed","283"
"flow","284"
"whitesource","284"
"database-sqlserver","285"
"gearman-plugin","287"
"stepcounter","287"
"sqlserver-api","288"
"msginject","289"
"deployment-notification","293"
"describe-with-params","293"
"matrixtieparent","293"
"git-prebuildmerge-trait","294"
"seleniumrc-plugin","294"
"lighthouse-report","295"
"linenumbers","295"
"plasticscm-plugin","296"
"javancss","298"
"github-app-kubernetes-credentials","299"
"post-completed-build-result","300"
"scm-manager","301"
"azure-container-registry-tasks","302"
"accelerated-build-now-plugin","304"
"dry-run","306"
"cppncss","307"
"rpmsign-plugin","307"
"jobtype-column","308"
"qualys-was","309"
"jobrevision","315"
"cisco-spark-notifier","316"
"azure-artifact-manager","317"
"vsts-cd","318"
"job-fan-in","321"
"service-now","321"
"rvm","322"
"covcomplplot","323"
"coverity","326"
"StashBranchParameter","328"
"cocoapods-integration","328"
"dotnet-as-script","328"
"serenity","328"
"websocket","329"
"clang-scanbuild","331"
"ec2-deployment-dashboard","332"
"job-log-logger-plugin","332"
"build-steps-from-json","333"
"configuration-as-code-support","334"
"fxcop-runner","334"
"aws-codecommit-trigger","335"
"view-cloner","335"
"github-scm-filter-aged-refs","337"
"artifactory-artifact-manager","340"
"remote-terminal-access","340"
"countjobs-viewstabbar","341"
"pipeline-agent-build-history","341"
"appscan","342"
"viewVC","343"
"vncviewer","343"
"autograding","344"
"custom-build-properties","344"
"variables-replace-plugin","344"
"archived-artifact-url-viewer","346"
"aws-beanstalk-publisher-plugin","346"
"git-userContent","346"
"started-by-envvar","347"
"tmpcleaner","347"
"distfork","352"
"extended-security-settings","353"
"terminal","353"
"websphere-deployer","353"
"ws-ws-replacement","354"
"deployed-on-column","355"
"mac","358"
"backup-interrupt-plugin","361"
"disable-failed-job","363"
"harbor","364"
"job-node-stalker","364"
"conjur-simple-integration","365"
"netsparker-cloud-scan","365"
"phabricator-plugin","365"
"hsts-filter-plugin","366"
"queue-cleanup","366"
"extreme-notification","367"
"tracking-git","369"
"template-workflows","371"
"sumologic-publisher","372"
"opsgenie","373"
"svn-partial-release-mgr","373"
"snsnotify","374"
"vs-code-metrics","374"
"rest-list-parameter","375"
"release-helper","379"
"uipath-automation-package","381"
"jabber","382"
"pretested-integration","387"
"selenium-builder","387"
"syslog-logger","388"
"consul-kv-builder","390"
"gatling-check","390"
"git-chooser-alternative","390"
"saltstack","390"
"matlab","392"
"URLSCM","393"
"cctray-xml","393"
"pwauth","393"
"testlink","395"
"jenkinslint","396"
"htmlresource","398"
"perforce","399"
"pipeline-restful-api","400"
"bitbucket-scm-filter-jira-validator","401"
"diskcheck","401"
"github-label-filter","402"
"labelled-steps","403"
"console-tail","404"
"bitbucket-kubernetes-credentials","406"
"console-badge","406"
"bitbucket-approval-filter","407"
"ccm","407"
"prereq-buildstep","408"
"azure-container-agents","409"
"logging","409"
"scm2job","409"
"patch-parameter","410"
"createjobadvanced","415"
"dynamic-search-view","415"
"job-poll-action-plugin","416"
"pipeline-deploymon","419"
"secure-requester-whitelist","421"
"build-env-propagator","422"
"artifactory-client-api","423"
"tracking-svn","425"
"mesos","426"
"display-upstream-changes","427"
"chocolate-theme","428"
"global-pre-script","428"
"testcomplete-xunit","428"
"customized-build-message","429"
"jenkins-cloudformation-plugin","430"
"concurrent-step","432"
"build-publisher","434"
"pipeline-input-notification","435"
"windows-cloud","437"
"sonargraph-plugin","439"
"codecommit-url-helper","440"
"wxwork-notification","440"
"call-remote-job-plugin","441"
"gradle-daemon","444"
"groovy-events-listener-plugin","448"
"azure-credentials-ext","450"
"description-column-plugin","456"
"ivytrigger","459"
"jclouds-jenkins","460"
"soapui-pro-functional-testing","463"
"mashup-portlets-plugin","464"
"kotlin-v1-stdlib-jdk8","466"
"svn-tag","466"
"maven-release-cascade","467"
"redeploy-rancher2-workload","467"
"cygpath","469"
"scoverage","469"
"parasoft-findings","470"
"phing","474"
"liquibase-runner","475"
"uptime","480"
"gerrit-checks-api","481"
"bitbucket-scm-filter-aged-refs","482"
"slave-utilization-plugin","489"
"openshift-pipeline","497"
"aws-device-farm","498"
"fitnesse","498"
"outbound-webhook","500"
"rubyMetrics","501"
"cloudbees-jenkins-advisor","504"
"minio","504"
"cucumber-living-documentation","506"
"statistics-gatherer","509"
"android-lint","513"
"svnmerge","515"
"jgiven","517"
"bitbucket-pullrequests-filter","518"
"customize-build-now","520"
"aws-codecommit-jobs","524"
"azure-app-service","531"
"kubernetes-pipeline-steps","531"
"openid","538"
"publish-to-bitbucket","538"
"configure-job-column-plugin","545"
"log-file-filter","545"
"project-inheritance","545"
"jira-integration","546"
"kerberos-sso","548"
"zap-pipeline","556"
"simple-queue","561"
"create-fingerprint","563"
"image-gallery","563"
"weblogic-deployer-plugin","563"
"custom-job-icon","564"
"dropdown-viewstabbar-plugin","567"
"fortify-on-demand-uploader","567"
"extra-tool-installers","571"
"AnchorChain","572"
"google-source-plugin","572"
"tm4j-automation","578"
"environment-dashboard","579"
"unique-id","580"
"octopusdeploy","581"
"testInProgress","583"
"html5-notifier-plugin","584"
"rabbitmq-consumer","590"
"custom-markup-formatter","592"
"deployit-plugin","596"
"emotional-jenkins-plugin","605"
"collapsing-console-sections","607"
"files-found-trigger","608"
"valgrind","610"
"lucene-search","611"
"pipeline-dependency-walker","614"
"config-autorefresh-plugin","620"
"newrelic-deployment-notifier","622"
"enhanced-old-build-discarder","626"
"random-string-parameter","629"
"select2-api","630"
"miniorange-two-factor","633"
"flyway-api","635"
"hudson-pview-plugin","636"
"custom-view-tabs","637"
"mission-control-view","639"
"systemloadaverage-monitor","639"
"gcp-secrets-manager-credentials-provider","642"
"gerrit-verify-status-reporter","643"
"metrics-diskusage","644"
"additional-metrics","648"
"pipeline-as-yaml","651"
"github-branch-pr-change-filter","652"
"exclusive-execution","653"
"antexec","654"
"python-wrapper","655"
"build-view-column","656"
"oracle-cloud-infrastructure-compute","658"
"conjur-credentials","663"
"jenkinswalldisplay","673"
"matrix-reloaded","673"
"cucumber-slack-notifier","677"
"gcloud-sdk","680"
"multi-slave-config-plugin","680"
"read-only-configurations","683"
"katalon","685"
"violation-comments-to-github","690"
"job-parameter-summary","692"
"job-exporter","693"
"percentage-du-node-column","698"
"build-symlink","699"
"bootstraped-multi-test-results-report","702"
"ant-in-workspace","704"
"notify-events","706"
"groovy-remote","708"
"doclinks","709"
"sitemonitor","715"
"docker-swarm","716"
"file-leak-detector","716"
"favorite-view","724"
"openstack-cloud","724"
"flyway-runner","725"
"shared-objects","725"
"klocwork","726"
"zapper","727"
"android-signing","728"
"heavy-job","729"
"run-selector","734"
"aqua-security-scanner","735"
"bitbucket-approve","737"
"rundeck","737"
"elastic-axis","738"
"xshell","738"
"Exclusion","739"
"pegdown-formatter","739"
"svn-revert-plugin","739"
"aliyun-oss-uploader","742"
"batch-task","743"
"radiatorviewplugin","744"
"appcenter","748"
"commons-math3-api","749"
"winrm-client","750"
"terminate-ssh-processes-plugin","753"
"promoted-builds-simple","756"
"violation-comments-to-stash","765"
"bulk-builder","767"
"export-params","777"
"report-info","778"
"cloverphp","782"
"redmine","784"
"statusmonitor","787"
"tasks","794"
"nodenamecolumn","799"
"teamconcert","801"
"matrix-groovy-execution-strategy","802"
"openshift-login","813"
"checkmarx-ast-scanner","818"
"simple-build-for-pipeline","824"
"jdepend","827"
"sauce-ondemand","827"
"upload-pgyer","828"
"block-queued-job","838"
"dingding-json-pusher","838"
"bitbucket-filter-project-trait","841"
"unleash","842"
"telegram-notifications","858"
"openid4java","874"
"simple-parameterized-builds-report","875"
"emma","876"
"nexus-task-runner","881"
"cas-plugin","883"
"compress-buildlog","883"
"github-issues","886"
"rake","887"
"pipeline-maven-database","889"
"aws-java-sdk2-sts","894"
"docker-traceability","897"
"mina-sshd-api-sftp","903"
"cucumber-perf","904"
"xframe-filter-plugin","910"
"display-console-output","914"
"http-post","916"
"changelog-history","921"
"dry","923"
"build-flow-plugin","933"
"gitea-checks","934"
"hipchat","937"
"anchore-container-scanner","945"
"awseb-deployment-plugin","946"
"copy-data-to-workspace-plugin","946"
"openshift-sync","946"
"pagerduty","956"
"rocketchatnotifier","956"
"crowd2","957"
"editable-choice","957"
"pipeline-global-lib-nexus","958"
"test-stability","965"
"windows-exe-runner","968"
"audit-log","972"
"google-container-registry-auth","984"
"maven-snapshot-check","985"
"zap","985"
"change-assembly-version-plugin","992"
"ignore-committer-strategy","993"
"parallel-test-executor","995"
"build-cause-run-condition","1004"
"stash-pullrequest-builder","1005"
"qtest","1006"
"disable-github-multibranch-status","1009"
"tfs","1009"
"cucumber-trends-report","1014"
"build-time-blame","1016"
"custom-checkbox-parameter","1019"
"google-kubernetes-engine","1019"
"anything-goes-formatter","1029"
"oidc-provider","1035"
"scalable-amazon-ecs","1037"
"jobcopy-builder","1038"
"global-post-script","1043"
"dynamic-axis","1052"
"cloudfoundry","1059"
"poll-mailbox-trigger-plugin","1070"
"content-replace","1076"
"maven-deployment-linker","1077"
"yet-another-docker-plugin","1083"
"build-history-manager","1087"
"markdown-formatter","1096"
"jobgenerator","1099"
"selenium","1099"
"logfilesizechecker","1100"
"gitbucket","1105"
"gogs-webhook","1112"
"dynamicparameter","1115"
"TestComplete","1125"
"perfpublisher","1133"
"jqs-monitoring","1134"
"jira-ext","1142"
"flaky-test-handler","1145"
"xvnc","1146"
"ftppublisher","1151"
"scm-filter-branch-pr","1154"
"aws-secrets-manager-secret-source","1160"
"build-keeper-plugin","1165"
"shared-workspace","1176"
"gravatar","1180"
"multibranch-action-triggers","1182"
"aws-codepipeline","1189"
"buildgraph-view","1196"
"changes-since-last-success","1210"
"project-build-times","1210"
"JiraTestResultReporter","1212"
"compress-artifacts","1214"
"bitbucket-scm-trait-commit-skip","1229"
"aws-parameter-store","1230"
"doxygen","1230"
"copy-project-link","1236"
"gradle-repo","1236"
"copy-to-slave","1238"
"label-linked-jobs","1244"
"all-changes","1259"
"analysis-collector","1263"
"dependencyanalyzer","1273"
"synopsys-coverity","1274"
"filesystem_scm","1275"
"github-scm-trait-commit-skip","1284"
"toolenv","1284"
"tap","1287"
"scmskip","1296"
"svn-workspace-cleaner","1313"
"progress-bar-column-plugin","1314"
"packer","1321"
"inline-pipeline","1323"
"azure-vm-agents","1324"
"github-scm-trait-notification-context","1327"
"sonarqube-generic-coverage","1332"
"configuration-as-code-secret-ssm","1339"
"declarative-pipeline-migration-assistant","1343"
"update-sites-manager","1357"
"veracode-scan","1360"
"readonly-parameters","1361"
"ownership","1368"
"gerrit-code-review","1376"
"mysql-api","1377"
"hp-application-automation-tools-plugin","1380"
"instant-messaging","1389"
"skip-notifications-trait","1389"
"windows-azure-storage","1391"
"external-workspace-manager","1393"
"github-pr-coverage-status","1398"
"dockerhub-notification","1401"
"slack-uploader","1411"
"azure-cli","1415"
"aws-bucket-credentials","1421"
"nant","1423"
"aws-codebuild","1425"
"gitlab-kubernetes-credentials","1427"
"postgresql-api","1432"
"modernstatus","1436"
"database-postgresql","1442"
"downstream-ext","1463"
"groovy-label-assignment","1473"
"summary_report","1473"
"fortify","1477"
"browserstack-integration","1478"
"google-compute-engine","1481"
"repository","1484"
"sonar-gerrit","1485"
"sloccount","1498"
"any-buildstep","1500"
"pollscm","1500"
"jobcacher","1507"
"template-project","1516"
"scm-sync-configuration","1526"
"clearcase","1533"
"multiselect-parameter","1537"
"text-finder-run-condition","1540"
"codesonar","1543"
"vstestrunner","1549"
"azure-keyvault","1556"
"sqlplus-script-runner","1557"
"scoring-load-balancer","1562"
"ez-templates","1581"
"clone-workspace-scm","1582"
"artifact-promotion","1584"
"project-stats-plugin","1585"
"test-results-aggregator","1596"
"aws-java-sdk2-netty-nio-client","1612"
"templating-engine","1612"
"svncompat14","1621"
"pipeline-config-history","1625"
"sonargraph-integration","1642"
"fail-the-build-plugin","1647"
"google-storage-plugin","1649"
"yet-another-build-visualizer","1659"
"android-emulator","1664"
"pipeline-cps-http","1670"
"buildresult-trigger","1672"
"maven-repo-cleaner","1683"
"slave-status","1686"
"pmd","1700"
"filesystem-list-parameter-plugin","1723"
"keycloak","1732"
"sbt","1732"
"build-metrics","1742"
"build-notifications","1742"
"compact-columns","1750"
"kubernetes-cd","1750"
"run-condition-extras","1758"
"custom-folder-icon","1763"
"vsphere-cloud","1766"
"build-history-metrics-plugin","1770"
"aws-lambda","1774"
"discord-notifier","1779"
"image-tag-parameter","1804"
"xray-connector","1812"
"kpp-management-plugin","1814"
"findbugs","1815"
"splunk-devops-extend","1827"
"secondary-timestamper-plugin","1830"
"declarative-pipeline-migration-assistant-api","1831"
"database-mysql","1832"
"google-play-android-publisher","1844"
"maven-dependency-update-trigger","1847"
"unity3d-plugin","1851"
"chromedriver","1866"
"codedeploy","1866"
"junit-realtime-test-reporter","1878"
"downstream-build-cache","1885"
"confluence-publisher","1894"
"violation-comments-to-gitlab","1897"
"envfile","1898"
"disable-job-button","1903"
"jenkins-jira-issue-updater","1918"
"chucknorris","1936"
"project-description-setter","1936"
"console-column-plugin","1955"
"google-chat-notification","1967"
"ldapemail","1978"
"seleniumhtmlreport","1984"
"cron_column","1987"
"nuget","1989"
"maven-metadata-plugin","1990"
"openshift-client","1991"
"violations","2002"
"text-file-operations","2011"
"calendar-view","2017"
"aws-java-sdk2-s3","2021"
"global-variable-string-parameter","2021"
"workflow-remote-loader","2036"
"urltrigger","2039"
"shelve-project-plugin","2040"
"git-tag-message","2041"
"warnings","2049"
"fstrigger","2079"
"github-pr-comment-build","2084"
"cucumber-testresult-plugin","2096"
"google-metadata-plugin","2097"
"rich-text-publisher-plugin","2097"
"matrix-combinations-parameter","2139"
"downstream-buildview","2146"
"people-view","2148"
"cmakebuilder","2152"
"snyk-security-scanner","2155"
"multi-branch-project-plugin","2157"
"mattermost","2185"
"port-allocator","2193"
"release","2196"
"mstestrunner","2198"
"cloudbees-credentials","2218"
"slave-setup","2221"
"docker-custom-build-environment","2231"
"zentimestamp","2266"
"npm-yarn-wrapper-steps","2270"
"github-autostatus","2322"
"opentelemetry","2324"
"openJDK-native-plugin","2329"
"build-token-trigger","2347"
"maven-invoker-plugin","2354"
"leastload","2371"
"xml-job-to-job-dsl","2385"
"artifact-manager-s3","2392"
"ec2-fleet","2420"
"blueocean-executor-info","2436"
"git-forensics","2452"
"last-changes","2502"
"reverse-proxy-auth-plugin","2502"
"repository-connector","2505"
"dotnet-sdk","2549"
"clover","2554"
"depgraph-view","2582"
"miniorange-saml-sp","2588"
"pipeline-timeline","2630"
"convert-to-pipeline","2661"
"checkstyle","2678"
"quality-gates","2681"
"cppcheck","2695"
"gatling","2696"
"bitbucket-oauth","2708"
"byte-buddy-api","2736"
"email-ext-recipients-column","2783"
"ansible-tower","2790"
"environment-script","2792"
"show-build-parameters","2805"
"cors-filter","2855"
"datadog","2889"
"scp","2899"
"multibranch-build-strategy-extension","2937"
"hashicorp-vault-pipeline","2980"
"nvm-wrapper","2982"
"solarized-theme","2982"
"build-discarder","3007"
"logstash","3050"
"artifactdeployer","3068"
"jira-trigger","3068"
"qy-wechat-notification","3070"
"gitlab-hook","3076"
"remote-file","3087"
"async-http-client","3135"
"repo","3143"
"aws-secrets-manager-credentials-provider","3161"
"hudson-wsclean-plugin","3161"
"kubernetes-pipeline-devops-steps","3178"
"xtrigger-api","3184"
"splunk-devops","3198"
"next-executions","3204"
"folder-auth","3226"
"join","3235"
"sectioned-view","3285"
"maven-info","3300"
"maven-artifact-choicelistprovider","3307"
"gitee","3308"
"bitbucket-pullrequest-builder","3326"
"publish-over-cifs","3344"
"managed-scripts","3356"
"blackduck-detect","3360"
"shiningpanda","3369"
"notification","3374"
"purge-build-queue-plugin","3382"
"aws-java-sdk2-ecr","3389"
"buildtriggerbadge","3394"
"periodicbackup","3483"
"aws-global-configuration","3531"
"github-checks","3564"
"adoptopenjdk","3584"
"xcode-plugin","3627"
"workflow-cps-global-lib-http","3656"
"dynamic_extended_choice_parameter","3703"
"material-theme","3711"
"claim","3720"
"atlassian-jira-software-cloud","3728"
"pipeline-aggregator-view","3731"
"versioncolumn","3780"
"mail-watcher-plugin","3783"
"opentelemetry-api","3803"
"amazon-ecs","3805"
"jfrog","3850"
"azure-commons","3856"
"custom-tools-plugin","3885"
"influxdb","3915"
"categorized-view","3965"
"persistent-parameter","4004"
"support-core","4012"
"webhook-step","4052"
"purge-job-history","4062"
"list-git-branches-parameter","4074"
"git-push","4077"
"mstest","4126"
"bitbucket-build-status-notifier","4144"
"nunit","4162"
"docker-slaves","4237"
"nexus-jenkins-plugin","4243"
"pyenv-pipeline","4301"
"gitea","4341"
"backup","4366"
"terraform","4372"
"dependency-track","4378"
"database","4379"
"PrioritySorter","4394"
"junit-attachments","4394"
"xvfb","4562"
"google-login","4563"
"date-parameter","4584"
"golang","4587"
"JDK_Parameter_Plugin","4624"
"build-environment","4651"
"gitlab-logo","4660"
"bitbucket-push-and-pull-request","4783"
"preSCMbuildstep","4862"
"checkmarx","4904"
"docker-compose-build-step","4910"
"jira-steps","4971"
"versionnumber","5012"
"plot","5100"
"global-slack-notifier","5101"
"customizable-header","5135"
"netty-api","5135"
"ruby-runtime","5162"
"configuration-as-code-groovy","5243"
"global-build-stats","5303"
"ssh2easy","5303"
"mina-sshd-api-scp","5418"
"login-theme","5424"
"multibranch-scan-webhook-trigger","5505"
"flexible-publish","5568"
"folder-properties","5587"
"pipeline-githubnotify-step","5604"
"azure-ad","5695"
"p4","5712"
"startup-trigger-plugin","5713"
"job-restrictions","5718"
"sonar-quality-gates","5721"
"azure-credentials","5774"
"skip-certificate-check","5814"
"build-failure-analyzer","5844"
"gitlab-merge-request-jenkins","5942"
"schedule-build","5953"
"discard-old-build","6049"
"pipeline-npm","6102"
"swarm","6139"
"oic-auth","6184"
"dingding-notifications","6225"
"delivery-pipeline-plugin","6316"
"github-organization-folder","6377"
"publish-over-ftp","6440"
"gerrit-trigger","6482"
"commons-collections4-api","6499"
"scriptler","6635"
"analysis-core","6690"
"permissive-script-security","6772"
"text-finder","6782"
"testng-plugin","6787"
"ghprb","6804"
"extra-columns","6821"
"test-results-analyzer","6839"
"git-changelog","6858"
"strict-crumb-issuer","6883"
"configurationslicing","6889"
"stashNotifier","6907"
"kubernetes-credentials-provider","6918"
"sidebar-link","6985"
"docker-build-publish","7152"
"nexus-artifact-uploader","7179"
"nested-view","7279"
"s3","7345"
"atlassian-bitbucket-server-integration","7477"
"plugin-usage-plugin","7552"
"parameter-separator","7682"
"amazon-ecr","7866"
"next-build-number","7907"
"validating-string-parameter","7934"
"m2release","7996"
"jquery-ui","8018"
"promoted-builds","8250"
"aws-java-sdk-cloudwatch","8306"
"pipeline-multibranch-defaults","8481"
"file-operations","8515"
"file-parameters","8581"
"robot","8645"
"hidden-parameter","8891"
"disk-usage","8951"
"description-setter","9080"
"emoji-symbols-api","9266"
"python","9530"
"build-token-root","9552"
"hashicorp-vault-plugin","9615"
"cucumber-reports","9638"
"deploy","9681"
"log-parser","9894"
"flatpickr-api","9895"
"translation","10025"
"azure-sdk","10134"
"dependency-check-jenkins-plugin","10158"
"audit-trail","10176"
"naginator","10181"
"ec2","10383"
"pipeline-github","10489"
"postbuildscript","10772"
"build-blocker-plugin","10778"
"saferestart","10872"
"greenballs","10907"
"google-oauth-plugin","11006"
"view-job-filters","11072"
"docker-build-step","11267"
"kubernetes-cli","11398"
"cloudbees-disk-usage-simple","11584"
"performance","11592"
"gitlab-branch-source","11862"
"github-oauth","12330"
"github-pullrequest","12469"
"build-monitor-plugin","12584"
"basic-branch-build-strategies","12635"
"jenkins-multijob-plugin","12771"
"build-with-parameters","12919"
"aws-java-sdk-autoscaling","12920"
"dtkit-api","13038"
"oauth-credentials","13266"
"gitlab-oauth","13488"
"xunit","13623"
"embeddable-build-status","13826"
"ivy","13849"
"pipeline-aws","13868"
"build-timestamp","14285"
"node-iterator-api","14292"
"job-import-plugin","14341"
"icon-shim","14419"
"extensible-choice-parameter","14578"
"cvs","14695"
"Parameterized-Remote-Trigger","14843"
"allure-jenkins-plugin","15673"
"cobertura","15673"
"h2-api","15901"
"aws-java-sdk-kinesis","15951"
"aws-java-sdk-secretsmanager","16135"
"aws-java-sdk-api-gateway","16141"
"aws-java-sdk-codedeploy","16143"
"aws-java-sdk-cloudfront","16148"
"aws-java-sdk-organizations","16149"
"aws-java-sdk-elasticloadbalancingv2","16152"
"aws-java-sdk-lambda","16154"
"postbuild-task","16278"
"multiple-scms","16534"
"build-pipeline-plugin","16548"
"aws-java-sdk2-ec2","16584"
"built-on-column","16597"
"msbuild","17058"
"nodelabelparameter","17098"
"aws-java-sdk2-core","17125"
"coverage","17225"
"jacoco","17300"
"groovy-postbuild","17397"
"code-coverage-api","17524"
"commons-httpclient3-api","17626"
"prometheus","17822"
"Office-365-Connector","17838"
"powershell","18047"
"ansible","18163"
"saml","18168"
"aws-java-sdk-efs","18180"
"monitoring","18205"
"extended-read-permission","19013"
"parameterized-scheduler","19130"
"artifactory","19248"
"throttle-concurrents","19302"
"aws-java-sdk-logs","19387"
"aws-java-sdk-ssm","19405"
"aws-java-sdk-codebuild","19406"
"badge","19681"
"pipeline-maven-api","19689"
"emailext-template","19705"
"aws-java-sdk-ecs","19950"
"mask-passwords","20591"
"warnings-ng","20791"
"bitbucket","20795"
"blueocean-jira","20969"
"authorize-project","21108"
"aws-java-sdk-sns","21197"
"aws-java-sdk-sqs","21232"
"jnr-posix-api","21238"
"analysis-model-api","21739"
"gitlab-api","21914"
"simple-theme-plugin","22280"
"aws-java-sdk","22474"
"aws-java-sdk-elasticbeanstalk","22551"
"aws-java-sdk-cloudformation","22552"
"aws-java-sdk-iam","22585"
"ssh-steps","23123"
"aws-java-sdk-ecr","24000"
"locale","24744"
"pipeline-maven","25703"
"groovy","25751"
"thinBackup","27833"
"extended-choice-parameter","29447"
"dashboard-view","29833"
"build-name-setter","30241"
"active-directory","30627"
"ssh","30843"
"http_request","31390"
"forensics-api","31480"
"blueocean-autofavorite","32827"
"pipeline-model-declarative-agent","32939"
"jira","33281"
"jobConfigHistory","33602"
"aws-java-sdk-ec2","33868"
"aws-credentials","34333"
"aws-java-sdk-minimal","35022"
"build-user-vars-plugin","35169"
"generic-webhook-trigger","35290"
"kubernetes","36599"
"slack","36632"
"oss-symbols-api","36768"
"job-dsl","37523"
"cloud-stats","38062"
"kubernetes-credentials","39475"
"configuration-as-code","39979"
"kubernetes-client-api","40386"
"mercurial","40657"
"docker-plugin","40988"
"uno-choice","41447"
"copyartifact","42069"
"rebuild","44838"
"docker-java-api","45823"
"ansicolor","47535"
"sonar","48866"
"envinject","49602"
"jquery-detached","50575"
"prism-api","51057"
"gitlab-plugin","51125"
"conditional-buildstep","52017"
"envinject-api","52204"
"blueocean","55120"
"bootstrap4-api","55276"
"windows-slaves","55773"
"commons-compress-api","56155"
"run-condition","56627"
"git-parameter","56677"
"blueocean-events","57084"
"blueocean-bitbucket-pipeline","57511"
"blueocean-pipeline-editor","57629"
"blueocean-config","57942"
"blueocean-personalization","58026"
"blueocean-display-url","58134"
"popper-api","58249"
"blueocean-i18n","58253"
"publish-over-ssh","58670"
"blueocean-github-pipeline","59064"
"blueocean-dashboard","59876"
"localization-zh-cn","59890"
"blueocean-git-pipeline","60040"
"localization-support","60946"
"pipeline-utility-steps","61935"
"blueocean-pipeline-api-impl","62572"
"ssh-agent","62880"
"sse-gateway","63082"
"blueocean-rest-impl","63308"
"parameterized-trigger","63947"
"jquery","64106"
"publish-over","64138"
"nodejs","64196"
"blueocean-pipeline-scm-api","64215"
"blueocean-jwt","64216"
"blueocean-web","64688"
"blueocean-core-js","64984"
"data-tables-api","65464"
"external-monitor-job","66488"
"blueocean-rest","67120"
"jenkins-design-language","67452"
"blueocean-commons","67453"
"cloudbees-bitbucket-branch-source","68347"
"subversion","68562"
"pubsub-light","70030"
"favorite","70238"
"jersey2-api","70492"
"jsoup","71133"
"popper2-api","71302"
"apache-httpcomponents-client-5-api","71918"
"workflow-cps-global-lib","72251"
"mapdb-api","74019"
"handlebars","76650"
"handy-uri-templates-2-api","80406"
"momentjs","84738"
"lockable-resources","87145"
"role-strategy","87452"
"ace-editor","91120"
"htmlpublisher","91408"
"pipeline-graph-view","92753"
"docker-workflow","97311"
"git-server","102529"
"dark-theme","103233"
"config-file-provider","103349"
"theme-manager","107169"
"maven-plugin","109813"
"docker-commons","110616"
"javadoc","120367"
"metrics","135606"
"authentication-tokens","142531"
"eddsa-api","167720"
"pipeline-stage-view","170292"
"jsch","174336"
"pipeline-rest-api","174518"
"sshd","176722"
"asm-api","178366"
"joda-time-api","178554"
"jdk-tool","179134"
"command-launcher","179223"
"json-path-api","183056"
"json-api","183271"
"javax-mail-api","187032"
"gson-api","188434"
"pipeline-github-lib","196793"
"gradle","205118"
"jjwt-api","208603"
"pam-auth","211081"
"pipeline-groovy-lib","213422"
"commons-text-api","214347"
"build-timeout","214651"
"pipeline-graph-analysis","215713"
"ant","215839"
"instance-identity","216156"
"ionicons-api","217860"
"commons-lang3-api","218218"
"mina-sshd-api-core","220068"
"email-ext","220232"
"github-branch-source","220488"
"jakarta-mail-api","221500"
"jakarta-activation-api","221542"
"mina-sshd-api-common","221691"
"ldap","223331"
"github","224999"
"ws-cleanup","226924"
"okhttp-api","227903"
"timestamper","228053"
"github-api","228621"
"resource-disposer","229952"
"ssh-slaves","231560"
"bootstrap5-api","233855"
"javax-activation-api","234035"
"variant","235086"
"jaxb","235312"
"workflow-aggregator","237491"
"matrix-auth","239038"
"checks-api","239667"
"echarts-api","241077"
"caffeine-api","241081"
"font-awesome-api","241974"
"jquery3-api","242401"
"plugin-util-api","242916"
"pipeline-model-definition","244346"
"pipeline-milestone-step","246049"
"pipeline-model-extensions","246189"
"snakeyaml-api","247192"
"pipeline-build-step","247305"
"pipeline-model-api","247782"
"pipeline-stage-tags-metadata","247889"
"workflow-multibranch","248640"
"pipeline-input-step","248850"
"pipeline-stage-step","249450"
"workflow-basic-steps","249724"
"trilead-api","249980"
"antisamy-markup-formatter","250684"
"branch-api","250738"
"workflow-durable-task-step","251444"
"workflow-cps","252290"
"durable-task","253073"
"token-macro","253712"
"workflow-job","254020"
"git","254264"
"cloudbees-folder","254520"
"matrix-project","254876"
"credentials-binding","255986"
"git-client","256181"
"junit","257133"
"plain-credentials","257557"
"jackson2-api","258205"
"workflow-support","259024"
"workflow-scm-step","259614"
"apache-httpcomponents-client-4-api","259636"
"workflow-api","260184"
"ssh-credentials","260959"
"bouncycastle-api","261498"
"display-url-api","261595"
"mailer","261829"
"workflow-step-api","261843"
"scm-api","261914"
"credentials","261928"
"structs","262167"
"script-security","262577"
