"1.408","1"
"1.409.1","1"
"1.409.3","1"
"1.410","1"
"1.420","1"
"1.424.6","2"
"1.428","1"
"1.429","2"
"1.430","1"
"1.432","1"
"1.433","1"
"1.434","1"
"1.436","1"
"1.437","1"
"1.438","3"
"1.439","1"
"1.440","2"
"1.441","1"
"1.442","1"
"1.443","1"
"1.446","1"
"1.447","1"
"1.447.1","1"
"1.447.2","2"
"1.450","6"
"1.451","1"
"1.454","4"
"1.455","2"
"1.456","1"
"1.457","1"
"1.458","1"
"1.460","3"
"1.461","2"
"1.462","1"
"1.465","2"
"1.466","2"
"1.466.2","3"
"1.467","1"
"1.470","1"
"1.471","1"
"1.472","2"
"1.474","3"
"1.475","5"
"1.476","1"
"1.477","1"
"1.478","1"
"1.480.3","3"
"1.482","1"
"1.483","2"
"1.484","1"
"1.485","2"
"1.488","2"
"1.490","1"
"1.491","2"
"1.494","2"
"1.496","3"
"1.498","2"
"1.499","1"
"1.500","2"
"1.501","1"
"1.505","4"
"1.508","1"
"1.509","4"
"1.509.1","2"
"1.509.3","1"
"1.509.4","3"
"1.510","8"
"1.511","3"
"1.512","9"
"1.514","6"
"1.515","1"
"1.516","1"
"1.517","3"
"1.518","1"
"1.520","1"
"1.521","3"
"1.523","4"
"1.524","1"
"1.525","1"
"1.526","1"
"1.527","2"
"1.528","4"
"1.529","5"
"1.530","2"
"1.531","3"
"1.532.1","6"
"1.532.2","10"
"1.532.3","2"
"1.533","2"
"1.534","6"
"1.535","3"
"1.536","1"
"1.537","1"
"1.538","5"
"1.539","6"
"1.541","3"
"1.542","4"
"1.543","2"
"1.544","3"
"1.546","2"
"1.547","2"
"1.548","3"
"1.549","8"
"1.550","2"
"1.551","6"
"1.552","2"
"1.553","5"
"1.554","2"
"1.554.1","2"
"1.554.2","1"
"1.554.3","6"
"1.555","6"
"1.556","3"
"1.557","1"
"1.558","5"
"1.559","6"
"1.560","3"
"1.561","2"
"1.562","4"
"1.563","1"
"1.564","3"
"1.565","10"
"1.565.1","6"
"1.565.2","4"
"1.565.3","10"
"1.566","6"
"1.567","8"
"1.568","11"
"1.569","5"
"1.570","4"
"1.571","6"
"1.572","5"
"1.573","5"
"1.574","26"
"1.575","6"
"1.576","2"
"1.577","2"
"1.578","6"
"1.579","8"
"1.580","3"
"1.580.1","7"
"1.580.2","5"
"1.580.3","16"
"1.581","7"
"1.582","1"
"1.583","7"
"1.584","5"
"1.585","2"
"1.586","3"
"1.587","2"
"1.588","13"
"1.589","4"
"1.590","18"
"1.591","5"
"1.592","5"
"1.593","6"
"1.594","5"
"1.595","14"
"1.596","15"
"1.596.1","4"
"1.596.2","12"
"1.596.3","10"
"1.597","10"
"1.598","20"
"1.599","16"
"1.600","5"
"1.601","4"
"1.602","10"
"1.604","1"
"1.605","10"
"1.606","19"
"1.607","10"
"1.608","9"
"1.609","14"
"1.609.1","6"
"1.609.2","13"
"1.609.3","39"
"1.610","11"
"1.611","22"
"1.612","9"
"1.613","14"
"1.614","12"
"1.615","10"
"1.616","8"
"1.617","39"
"1.618","6"
"1.619","6"
"1.620","17"
"1.621","6"
"1.622","7"
"1.623","8"
"1.624","12"
"1.625","2"
"1.625.1","13"
"1.625.2","6"
"1.625.3","29"
"1.626","8"
"1.627","6"
"1.628","7"
"1.629","10"
"1.630","16"
"1.631","12"
"1.632","14"
"1.633","3"
"1.634","14"
"1.635","8"
"1.636","10"
"1.637","3"
"1.638","26"
"1.639","12"
"1.640","12"
"1.641","6"
"1.642","10"
"1.642.1","22"
"1.642.4","42"
"1.643","26"
"1.644","25"
"1.651.1","34"
"1.651.2","50"
"1.651.3","114"
"1.653","18"
"1.654","8"
"1.655","10"
"1.656","24"
"1.658","42"
"2.0-rc-1","2"
"2.0","14"
"2.1","6"
"2.2","4"
"2.3","8"
"2.4","2"
"2.5","6"
"2.6","13"
"2.7","19"
"2.7.1","32"
"2.7.2","43"
"2.7.3","15"
"2.7.4","60"
"2.8","25"
"2.9","30"
"2.10","10"
"2.11","11"
"2.12","8"
"2.13","8"
"2.14","8"
"2.15","7"
"2.16","3"
"2.17","4"
"2.18","6"
"2.19","10"
"2.19.1","23"
"2.19.2","13"
"2.19.3","19"
"2.19.4","33"
"2.20","5"
"2.21","6"
"2.22","3"
"2.23","9"
"2.24","3"
"2.25","4"
"2.26","5"
"2.27","8"
"2.28","3"
"2.29","1"
"2.30","5"
"2.31","1"
"2.32","8"
"2.32.1","37"
"2.32.2","32"
"2.32.3","41"
"2.33","5"
"2.34","8"
"2.35","16"
"2.36","7"
"2.37","4"
"2.38","7"
"2.39","15"
"2.40","10"
"2.41","20"
"2.42","6"
"2.43","1"
"2.44","5"
"2.45","7"
"2.46","6"
"2.46.1","49"
"2.46.2","71"
"2.46.3","85"
"2.47","6"
"2.48","2"
"2.49","10"
"2.50","10"
"2.51","7"
"2.52","4"
"2.53","23"
"2.54","2"
"2.55","7"
"2.56","2"
"2.57","2"
"2.59","1"
"2.60","1"
"2.60.1","40"
"2.60.2","30"
"2.60.3","86"
"2.61","6"
"2.62","7"
"2.63","3"
"2.64","8"
"2.65","8"
"2.66","11"
"2.67","6"
"2.68","10"
"2.69","5"
"2.70","9"
"2.71","12"
"2.72","3"
"2.73","15"
"2.73.1","28"
"2.73.2","37"
"2.73.3","104"
"2.74","13"
"2.75","6"
"2.76","8"
"2.77","13"
"2.78","4"
"2.79","6"
"2.80","1"
"2.81","3"
"2.82","9"
"2.83","5"
"2.84","7"
"2.85","9"
"2.86","15"
"2.87","9"
"2.88","2"
"2.89","14"
"2.89.1","13"
"2.89.2","77"
"2.89.3","65"
"2.89.4","142"
"2.90","14"
"2.91","11"
"2.92","4"
"2.93","7"
"2.94","1"
"2.95","20"
"2.96","1"
"2.97","8"
"2.98","7"
"2.99","11"
"2.100","6"
"2.101","17"
"2.102","8"
"2.103","10"
"2.104","2"
"2.105","8"
"2.106","1"
"2.107","9"
"2.107.1","63"
"2.107.2","61"
"2.107.3","103"
"2.108","11"
"2.109","13"
"2.110","10"
"2.111","11"
"2.112","15"
"2.113","6"
"2.114","19"
"2.115","5"
"2.116","6"
"2.117","12"
"2.118","7"
"2.119","5"
"2.120","8"
"2.121","12"
"2.121.1","129"
"2.121.2","107"
"2.121.3","117"
"2.122","18"
"2.124","19"
"2.125","11"
"2.126","8"
"2.127","10"
"2.128","15"
"2.129","30"
"2.130","14"
"2.131","31"
"2.132","8"
"2.133","7"
"2.134","26"
"2.135","25"
"2.136","18"
"2.137","7"
"2.138","34"
"2.138.1","134"
"2.138.2","158"
"2.138.3","158"
"2.138.4","188"
"2.140","49"
"2.141","58"
"2.142","12"
"2.143","22"
"2.144","10"
"2.145","12"
"2.146","11"
"2.147","29"
"2.148","22"
"2.149","19"
"2.150","25"
"2.150.1","297"
"2.150.2","234"
"2.150.3","350"
"2.151","42"
"2.152","21"
"2.153","51"
"2.154","28"
"2.155","32"
"2.156","71"
"2.157","28"
"2.158","6"
"2.159","9"
"2.160","27"
"2.161","33"
"2.162","34"
"2.163","25"
"2.164","51"
"2.164.1","332"
"2.164.2","302"
"2.164.3","418"
"2.165","65"
"2.166","29"
"2.167","23"
"2.168","68"
"2.169","25"
"2.170","43"
"2.171","18"
"2.172","22"
"2.173","37"
"2.174","29"
"2.175","28"
"2.176","50"
"2.176.1","497"
"2.176.2","574"
"2.176.3","318"
"2.176.4","91"
"2.177","55"
"2.178","37"
"2.179","77"
"2.180","43"
"2.181","38"
"2.182","41"
"2.183","23"
"2.184","41"
"2.185","12"
"2.186","19"
"2.187","86"
"2.189","46"
"2.190","46"
"2.190.1","487"
"2.190.2","387"
"2.190.3","491"
"2.191","24"
"2.192","18"
"2.193","47"
"2.194","54"
"2.195","41"
"2.196","25"
"2.197","20"
"2.198","39"
"2.199","95"
"2.200","67"
"2.201","37"
"2.202","50"
"2.203","38"
"2.204","50"
"2.204.1","533"
"2.204.2","516"
"2.204.3","52"
"2.204.4","76"
"2.204.5","256"
"2.204.6","63"
"2.205","60"
"2.206","72"
"2.207","58"
"2.208","26"
"2.209","47"
"2.210","58"
"2.211","14"
"2.212","3"
"2.213","49"
"2.214","37"
"2.215","11"
"2.217","15"
"2.218","11"
"2.219","63"
"2.220","86"
"2.221","33"
"2.222","83"
"2.222.1","543"
"2.222.3","615"
"2.222.4","556"
"2.223","67"
"2.224","14"
"2.225","42"
"2.226","61"
"2.227","21"
"2.228","37"
"2.229","66"
"2.230","81"
"2.231","70"
"2.232","17"
"2.233","63"
"2.234","42"
"2.235","58"
"2.235.1","609"
"2.235.2","484"
"2.235.3","240"
"2.235.4","84"
"2.235.5","535"
"2.236","48"
"2.237","38"
"2.238","87"
"2.239","27"
"2.240","69"
"2.241","39"
"2.242","46"
"2.243","47"
"2.244","56"
"2.245","51"
"2.247","3"
"2.248","35"
"2.249","37"
"2.249.1","534"
"2.249.2","617"
"2.249.3","660"
"2.250","69"
"2.251","61"
"2.252","55"
"2.253","85"
"2.254","66"
"2.255","105"
"2.256","71"
"2.257","82"
"2.258","57"
"2.259","42"
"2.260","93"
"2.261","17"
"2.262","39"
"2.263","126"
"2.263.1","950"
"2.263.2","286"
"2.263.3","412"
"2.263.4","889"
"2.264","84"
"2.265","47"
"2.266","37"
"2.267","47"
"2.268","43"
"2.269","34"
"2.270","67"
"2.271","57"
"2.272","35"
"2.273","34"
"2.274","52"
"2.275","59"
"2.276","43"
"2.277","56"
"2.277.1","552"
"2.277.2","319"
"2.277.3","261"
"2.277.4","656"
"2.278","42"
"2.279","35"
"2.280","52"
"2.281","45"
"2.282","73"
"2.283","74"
"2.284","70"
"2.285","88"
"2.286","83"
"2.287","45"
"2.288","87"
"2.289","108"
"2.289.1","766"
"2.289.2","744"
"2.289.3","1052"
"2.290","76"
"2.291","86"
"2.292","25"
"2.293","176"
"2.294","4"
"2.295","72"
"2.296","90"
"2.297","72"
"2.298","56"
"2.299","82"
"2.300","71"
"2.301","89"
"2.302","101"
"2.303","92"
"2.303.1","987"
"2.303.2","728"
"2.303.3","968"
"2.304","90"
"2.305","79"
"2.306","94"
"2.307","54"
"2.308","88"
"2.309","108"
"2.311","50"
"2.312","51"
"2.313","72"
"2.314","67"
"2.315","50"
"2.316","84"
"2.317","74"
"2.318","100"
"2.319","114"
"2.319.1","1547"
"2.319.2","780"
"2.319.3","1233"
"2.320","69"
"2.321","131"
"2.322","101"
"2.323","83"
"2.324","139"
"2.325","110"
"2.326","80"
"2.327","67"
"2.328","219"
"2.329","28"
"2.330","125"
"2.331","39"
"2.332","95"
"2.332.1","1275"
"2.332.2","1293"
"2.332.3","2111"
"2.332.4","311"
"2.333","122"
"2.334","146"
"2.335","79"
"2.336","131"
"2.337","109"
"2.338","115"
"2.339","130"
"2.340","177"
"2.341","121"
"2.342","125"
"2.343","104"
"2.344","163"
"2.345","103"
"2.346","524"
"2.346.1","2723"
"2.346.2","1445"
"2.346.3","3807"
"2.347","147"
"2.348","156"
"2.349","150"
"2.350","162"
"2.354","106"
"2.355","200"
"2.356","470"
"2.357","70"
"2.358","62"
"2.359","83"
"2.360","68"
"2.361","109"
"2.361.1","1044"
"2.361.2","872"
"2.361.3","384"
"2.361.4","974"
"2.362","88"
"2.363","69"
"2.364","84"
"2.365","84"
"2.366","99"
"2.367","53"
"2.368","53"
"2.369","20"
"2.370","88"
"2.371","58"
"2.372","79"
"2.373","110"
"2.374","101"
"2.375","132"
"2.375.1","1326"
"2.375.2","971"
"2.375.3","1203"
"2.375.4","196"
"2.376","88"
"2.377","98"
"2.378","83"
"2.379","100"
"2.380","55"
"2.381","87"
"2.382","74"
"2.383","75"
"2.384","60"
"2.385","99"
"2.386","77"
"2.387","75"
"2.387.1","2398"
"2.387.2","1170"
"2.387.3","2175"
"2.388","101"
"2.389","90"
"2.390","108"
"2.391","83"
"2.392","105"
"2.393","127"
"2.394","151"
"2.395","189"
"2.396","216"
"2.397","155"
"2.398","4"
"2.399","130"
"2.400","135"
"2.401","145"
"2.401.1","1561"
"2.401.2","1410"
"2.401.3","2002"
"2.402","99"
"2.403","92"
"2.404","120"
"2.405","166"
"2.406","123"
"2.407","87"
"2.409","136"
"2.410","173"
"2.411","114"
"2.412","106"
"2.413","138"
"2.414","190"
"2.414.1","1640"
"2.414.2","1741"
"2.414.3","2614"
"2.415","237"
"2.416","128"
"2.417","143"
"2.418","140"
"2.419","256"
"2.420","146"
"2.421","146"
"2.422","157"
"2.423","158"
"2.424","153"
"2.425","123"
"2.426","235"
"2.426.1","2713"
"2.426.2","3236"
"2.426.3","7738"
"2.427","200"
"2.428","168"
"2.429","155"
"2.430","237"
"2.431","228"
"2.432","159"
"2.433","232"
"2.434","226"
"2.435","155"
"2.436","177"
"2.437","150"
"2.438","161"
"2.439","240"
"2.440","218"
"2.440.1","3581"
"2.440.2","3338"
"2.440.3","4022"
"2.441","272"
"2.442","922"
"2.443","514"
"2.444","388"
"2.445","269"
"2.446","334"
"2.447","312"
"2.448","329"
"2.449","323"
"2.450","350"
"2.451","247"
"2.452","420"
"2.452.1","3740"
"2.452.2","4491"
"2.452.3","4311"
"2.452.4","581"
"2.453","307"
"2.454","417"
"2.455","326"
"2.456","282"
"2.457","315"
"2.458","332"
"2.459","378"
"2.460","377"
"2.461","322"
"2.462","687"
"2.462.1","6819"
"2.462.2","6078"
"2.462.3","10583"
"2.463","314"
"2.464","285"
"2.466","288"
"2.467","265"
"2.468","279"
"2.469","319"
"2.470","326"
"2.471","483"
"2.472","374"
"2.473","420"
"2.474","524"
"2.475","339"
"2.476","345"
"2.477","312"
"2.478","395"
"2.479","487"
"2.479.1","7221"
"2.479.2","13685"
"2.479.3","20753"
"2.480","514"
"2.481","488"
"2.482","513"
"2.483","397"
"2.484","596"
"2.485","567"
"2.486","602"
"2.487","692"
"2.488","809"
"2.489","746"
"2.490","281"
"2.491","1583"
"2.492","838"
"2.492.1","39925"
"2.493","1052"
"2.494","1084"
"2.495","1775"
"2.496","2570"
"2.497","3112"
"2.498","3494"
"2.499","2210"
